message,severity,attributes,tags,timestamp
Error: BASE_PATH environment variable is required but was not provided.,error,"{""level"":""error""}","{""project"":""a964056b-6231-477f-9e7e-d8bc3a289d28"",""environment"":""26a57f03-0ca7-4105-ae40-a714fb9d3d48"",""service"":""93c6df08-1ebc-4abb-8337-dfbe773dcac0"",""deployment"":""82e9c28b-6934-4cf9-9438-f5ba1602bd88"",""replica"":""9cafb12e-241e-4151-a925-9c9cb98937ef""}",2026-05-05T07:57:00.002997539Z
    at file:///app/artifacts/family-portal/node_modules/.vite-temp/vite.config.ts.timestamp-1777967819643-9e3f2e81ba5f6.mjs:20:9,error,"{""level"":""error""}","{""project"":""a964056b-6231-477f-9e7e-d8bc3a289d28"",""environment"":""26a57f03-0ca7-4105-ae40-a714fb9d3d48"",""service"":""93c6df08-1ebc-4abb-8337-dfbe773dcac0"",""deployment"":""82e9c28b-6934-4cf9-9438-f5ba1602bd88"",""replica"":""9cafb12e-241e-4151-a925-9c9cb98937ef""}",2026-05-05T07:57:00.003007575Z
    at ModuleJob.run (node:internal/modules/esm/module_job:343:25),error,"{""level"":""error""}","{""project"":""a964056b-6231-477f-9e7e-d8bc3a289d28"",""environment"":""26a57f03-0ca7-4105-ae40-a714fb9d3d48"",""service"":""93c6df08-1ebc-4abb-8337-dfbe773dcac0"",""deployment"":""82e9c28b-6934-4cf9-9438-f5ba1602bd88"",""replica"":""9cafb12e-241e-4151-a925-9c9cb98937ef""}",2026-05-05T07:57:00.003013030Z
    at async onImport.tracePromise.__proto__ (node:internal/modules/esm/loader:665:26),error,"{""level"":""error""}","{""project"":""a964056b-6231-477f-9e7e-d8bc3a289d28"",""environment"":""26a57f03-0ca7-4105-ae40-a714fb9d3d48"",""service"":""93c6df08-1ebc-4abb-8337-dfbe773dcac0"",""deployment"":""82e9c28b-6934-4cf9-9438-f5ba1602bd88"",""replica"":""9cafb12e-241e-4151-a925-9c9cb98937ef""}",2026-05-05T07:57:00.003018811Z
    at async loadConfigFromBundledFile (file:///app/node_modules/.pnpm/vite@7.3.2_@types+node@25.3.5_jiti@2.6.1_lightningcss@1.31.1_tsx@4.21.0_yaml@2.8.2/node_modules/vite/dist/node/chunks/config.js:35920:12),error,"{""level"":""error""}","{""project"":""a964056b-6231-477f-9e7e-d8bc3a289d28"",""environment"":""26a57f03-0ca7-4105-ae40-a714fb9d3d48"",""service"":""93c6df08-1ebc-4abb-8337-dfbe773dcac0"",""deployment"":""82e9c28b-6934-4cf9-9438-f5ba1602bd88"",""replica"":""9cafb12e-241e-4151-a925-9c9cb98937ef""}",2026-05-05T07:57:00.003023605Z
    at async bundleAndLoadConfigFile (file:///app/node_modules/.pnpm/vite@7.3.2_@types+node@25.3.5_jiti@2.6.1_lightningcss@1.31.1_tsx@4.21.0_yaml@2.8.2/node_modules/vite/dist/node/chunks/config.js:35808:17),error,"{""level"":""error""}","{""project"":""a964056b-6231-477f-9e7e-d8bc3a289d28"",""environment"":""26a57f03-0ca7-4105-ae40-a714fb9d3d48"",""service"":""93c6df08-1ebc-4abb-8337-dfbe773dcac0"",""deployment"":""82e9c28b-6934-4cf9-9438-f5ba1602bd88"",""replica"":""9cafb12e-241e-4151-a925-9c9cb98937ef""}",2026-05-05T07:57:00.003030333Z
    at async loadConfigFromFile (file:///app/node_modules/.pnpm/vite@7.3.2_@types+node@25.3.5_jiti@2.6.1_lightningcss@1.31.1_tsx@4.21.0_yaml@2.8.2/node_modules/vite/dist/node/chunks/config.js:35775:42),error,"{""level"":""error""}","{""project"":""a964056b-6231-477f-9e7e-d8bc3a289d28"",""environment"":""26a57f03-0ca7-4105-ae40-a714fb9d3d48"",""service"":""93c6df08-1ebc-4abb-8337-dfbe773dcac0"",""deployment"":""82e9c28b-6934-4cf9-9438-f5ba1602bd88"",""replica"":""9cafb12e-241e-4151-a925-9c9cb98937ef""}",2026-05-05T07:57:00.003036075Z
    at async resolveConfig (file:///app/node_modules/.pnpm/vite@7.3.2_@types+node@25.3.5_jiti@2.6.1_lightningcss@1.31.1_tsx@4.21.0_yaml@2.8.2/node_modules/vite/dist/node/chunks/config.js:35424:22),error,"{""level"":""error""}","{""project"":""a964056b-6231-477f-9e7e-d8bc3a289d28"",""environment"":""26a57f03-0ca7-4105-ae40-a714fb9d3d48"",""service"":""93c6df08-1ebc-4abb-8337-dfbe773dcac0"",""deployment"":""82e9c28b-6934-4cf9-9438-f5ba1602bd88"",""replica"":""9cafb12e-241e-4151-a925-9c9cb98937ef""}",2026-05-05T07:57:00.003041326Z
    at async _createServer (file:///app/node_modules/.pnpm/vite@7.3.2_@types+node@25.3.5_jiti@2.6.1_lightningcss@1.31.1_tsx@4.21.0_yaml@2.8.2/node_modules/vite/dist/node/chunks/config.js:25365:67),error,"{""level"":""error""}","{""project"":""a964056b-6231-477f-9e7e-d8bc3a289d28"",""environment"":""26a57f03-0ca7-4105-ae40-a714fb9d3d48"",""service"":""93c6df08-1ebc-4abb-8337-dfbe773dcac0"",""deployment"":""82e9c28b-6934-4cf9-9438-f5ba1602bd88"",""replica"":""9cafb12e-241e-4151-a925-9c9cb98937ef""}",2026-05-05T07:57:00.003046045Z
,info,"{""level"":""info""}","{""project"":""a964056b-6231-477f-9e7e-d8bc3a289d28"",""environment"":""26a57f03-0ca7-4105-ae40-a714fb9d3d48"",""service"":""93c6df08-1ebc-4abb-8337-dfbe773dcac0"",""deployment"":""82e9c28b-6934-4cf9-9438-f5ba1602bd88"",""replica"":""9cafb12e-241e-4151-a925-9c9cb98937ef""}",2026-05-05T07:57:00.003114483Z
> @workspace/family-portal@0.0.0 dev /app/artifacts/family-portal,info,"{""level"":""info""}","{""project"":""a964056b-6231-477f-9e7e-d8bc3a289d28"",""environment"":""26a57f03-0ca7-4105-ae40-a714fb9d3d48"",""service"":""93c6df08-1ebc-4abb-8337-dfbe773dcac0"",""deployment"":""82e9c28b-6934-4cf9-9438-f5ba1602bd88"",""replica"":""9cafb12e-241e-4151-a925-9c9cb98937ef""}",2026-05-05T07:57:00.003117714Z
> vite --config vite.config.ts --host 0.0.0.0,info,"{""level"":""info""}","{""project"":""a964056b-6231-477f-9e7e-d8bc3a289d28"",""environment"":""26a57f03-0ca7-4105-ae40-a714fb9d3d48"",""service"":""93c6df08-1ebc-4abb-8337-dfbe773dcac0"",""deployment"":""82e9c28b-6934-4cf9-9438-f5ba1602bd88"",""replica"":""9cafb12e-241e-4151-a925-9c9cb98937ef""}",2026-05-05T07:57:00.003120556Z
,info,"{""level"":""info""}","{""project"":""a964056b-6231-477f-9e7e-d8bc3a289d28"",""environment"":""26a57f03-0ca7-4105-ae40-a714fb9d3d48"",""service"":""93c6df08-1ebc-4abb-8337-dfbe773dcac0"",""deployment"":""82e9c28b-6934-4cf9-9438-f5ba1602bd88"",""replica"":""9cafb12e-241e-4151-a925-9c9cb98937ef""}",2026-05-05T07:57:00.003123447Z
[31mfailed to load config from /app/artifacts/family-portal/vite.config.ts[39m,error,"{""level"":""error""}","{""project"":""a964056b-6231-477f-9e7e-d8bc3a289d28"",""environment"":""26a57f03-0ca7-4105-ae40-a714fb9d3d48"",""service"":""93c6df08-1ebc-4abb-8337-dfbe773dcac0"",""deployment"":""82e9c28b-6934-4cf9-9438-f5ba1602bd88"",""replica"":""9cafb12e-241e-4151-a925-9c9cb98937ef""}",2026-05-05T07:57:00.003126231Z
[31merror when starting dev server:,error,"{""level"":""error""}","{""project"":""a964056b-6231-477f-9e7e-d8bc3a289d28"",""environment"":""26a57f03-0ca7-4105-ae40-a714fb9d3d48"",""service"":""93c6df08-1ebc-4abb-8337-dfbe773dcac0"",""deployment"":""82e9c28b-6934-4cf9-9438-f5ba1602bd88"",""replica"":""9cafb12e-241e-4151-a925-9c9cb98937ef""}",2026-05-05T07:57:00.003130126Z
    at async CAC.<anonymous> (file:///app/node_modules/.pnpm/vite@7.3.2_@types+node@25.3.5_jiti@2.6.1_lightningcss@1.31.1_tsx@4.21.0_yaml@2.8.2/node_modules/vite/dist/node/cli.js:572:18)[39m,error,"{""level"":""error""}","{""project"":""a964056b-6231-477f-9e7e-d8bc3a289d28"",""environment"":""26a57f03-0ca7-4105-ae40-a714fb9d3d48"",""service"":""93c6df08-1ebc-4abb-8337-dfbe773dcac0"",""deployment"":""82e9c28b-6934-4cf9-9438-f5ba1602bd88"",""replica"":""9cafb12e-241e-4151-a925-9c9cb98937ef""}",2026-05-05T07:57:00.003718204Z
/app/artifacts/family-portal:,info,"{""level"":""info""}","{""project"":""a964056b-6231-477f-9e7e-d8bc3a289d28"",""environment"":""26a57f03-0ca7-4105-ae40-a714fb9d3d48"",""service"":""93c6df08-1ebc-4abb-8337-dfbe773dcac0"",""deployment"":""82e9c28b-6934-4cf9-9438-f5ba1602bd88"",""replica"":""9cafb12e-241e-4151-a925-9c9cb98937ef""}",2026-05-05T07:57:00.003722667Z
 ERR_PNPM_RECURSIVE_RUN_FIRST_FAIL  @workspace/family-portal@0.0.0 dev: `vite --config vite.config.ts --host 0.0.0.0`,info,"{""level"":""info""}","{""project"":""a964056b-6231-477f-9e7e-d8bc3a289d28"",""environment"":""26a57f03-0ca7-4105-ae40-a714fb9d3d48"",""service"":""93c6df08-1ebc-4abb-8337-dfbe773dcac0"",""deployment"":""82e9c28b-6934-4cf9-9438-f5ba1602bd88"",""replica"":""9cafb12e-241e-4151-a925-9c9cb98937ef""}",2026-05-05T07:57:00.003725793Z
Exit status 1,info,"{""level"":""info""}","{""project"":""a964056b-6231-477f-9e7e-d8bc3a289d28"",""environment"":""26a57f03-0ca7-4105-ae40-a714fb9d3d48"",""service"":""93c6df08-1ebc-4abb-8337-dfbe773dcac0"",""deployment"":""82e9c28b-6934-4cf9-9438-f5ba1602bd88"",""replica"":""9cafb12e-241e-4151-a925-9c9cb98937ef""}",2026-05-05T07:57:00.003729147Z
,info,"{""level"":""info""}","{""project"":""a964056b-6231-477f-9e7e-d8bc3a289d28"",""environment"":""26a57f03-0ca7-4105-ae40-a714fb9d3d48"",""service"":""93c6df08-1ebc-4abb-8337-dfbe773dcac0"",""deployment"":""82e9c28b-6934-4cf9-9438-f5ba1602bd88"",""replica"":""9cafb12e-241e-4151-a925-9c9cb98937ef""}",2026-05-05T07:57:00.589180184Z
> @workspace/family-portal@0.0.0 dev /app/artifacts/family-portal,info,"{""level"":""info""}","{""project"":""a964056b-6231-477f-9e7e-d8bc3a289d28"",""environment"":""26a57f03-0ca7-4105-ae40-a714fb9d3d48"",""service"":""93c6df08-1ebc-4abb-8337-dfbe773dcac0"",""deployment"":""82e9c28b-6934-4cf9-9438-f5ba1602bd88"",""replica"":""9cafb12e-241e-4151-a925-9c9cb98937ef""}",2026-05-05T07:57:00.589186819Z
> vite --config vite.config.ts --host 0.0.0.0,info,"{""level"":""info""}","{""project"":""a964056b-6231-477f-9e7e-d8bc3a289d28"",""environment"":""26a57f03-0ca7-4105-ae40-a714fb9d3d48"",""service"":""93c6df08-1ebc-4abb-8337-dfbe773dcac0"",""deployment"":""82e9c28b-6934-4cf9-9438-f5ba1602bd88"",""replica"":""9cafb12e-241e-4151-a925-9c9cb98937ef""}",2026-05-05T07:57:00.589191015Z
,info,"{""level"":""info""}","{""project"":""a964056b-6231-477f-9e7e-d8bc3a289d28"",""environment"":""26a57f03-0ca7-4105-ae40-a714fb9d3d48"",""service"":""93c6df08-1ebc-4abb-8337-dfbe773dcac0"",""deployment"":""82e9c28b-6934-4cf9-9438-f5ba1602bd88"",""replica"":""9cafb12e-241e-4151-a925-9c9cb98937ef""}",2026-05-05T07:57:00.589194312Z
[31mfailed to load config from /app/artifacts/family-portal/vite.config.ts[39m,error,"{""level"":""error""}","{""project"":""a964056b-6231-477f-9e7e-d8bc3a289d28"",""environment"":""26a57f03-0ca7-4105-ae40-a714fb9d3d48"",""service"":""93c6df08-1ebc-4abb-8337-dfbe773dcac0"",""deployment"":""82e9c28b-6934-4cf9-9438-f5ba1602bd88"",""replica"":""9cafb12e-241e-4151-a925-9c9cb98937ef""}",2026-05-05T07:57:00.989408390Z
[31merror when starting dev server:,error,"{""level"":""error""}","{""project"":""a964056b-6231-477f-9e7e-d8bc3a289d28"",""environment"":""26a57f03-0ca7-4105-ae40-a714fb9d3d48"",""service"":""93c6df08-1ebc-4abb-8337-dfbe773dcac0"",""deployment"":""82e9c28b-6934-4cf9-9438-f5ba1602bd88"",""replica"":""9cafb12e-241e-4151-a925-9c9cb98937ef""}",2026-05-05T07:57:00.989411148Z
Error: BASE_PATH environment variable is required but was not provided.,error,"{""level"":""error""}","{""project"":""a964056b-6231-477f-9e7e-d8bc3a289d28"",""environment"":""26a57f03-0ca7-4105-ae40-a714fb9d3d48"",""service"":""93c6df08-1ebc-4abb-8337-dfbe773dcac0"",""deployment"":""82e9c28b-6934-4cf9-9438-f5ba1602bd88"",""replica"":""9cafb12e-241e-4151-a925-9c9cb98937ef""}",2026-05-05T07:57:00.989413954Z
    at file:///app/artifacts/family-portal/node_modules/.vite-temp/vite.config.ts.timestamp-1777967820700-529c966b3fad2.mjs:20:9,error,"{""level"":""error""}","{""project"":""a964056b-6231-477f-9e7e-d8bc3a289d28"",""environment"":""26a57f03-0ca7-4105-ae40-a714fb9d3d48"",""service"":""93c6df08-1ebc-4abb-8337-dfbe773dcac0"",""deployment"":""82e9c28b-6934-4cf9-9438-f5ba1602bd88"",""replica"":""9cafb12e-241e-4151-a925-9c9cb98937ef""}",2026-05-05T07:57:00.989416554Z
    at ModuleJob.run (node:internal/modules/esm/module_job:343:25),error,"{""level"":""error""}","{""project"":""a964056b-6231-477f-9e7e-d8bc3a289d28"",""environment"":""26a57f03-0ca7-4105-ae40-a714fb9d3d48"",""service"":""93c6df08-1ebc-4abb-8337-dfbe773dcac0"",""deployment"":""82e9c28b-6934-4cf9-9438-f5ba1602bd88"",""replica"":""9cafb12e-241e-4151-a925-9c9cb98937ef""}",2026-05-05T07:57:00.989420114Z
    at async onImport.tracePromise.__proto__ (node:internal/modules/esm/loader:665:26),error,"{""level"":""error""}","{""project"":""a964056b-6231-477f-9e7e-d8bc3a289d28"",""environment"":""26a57f03-0ca7-4105-ae40-a714fb9d3d48"",""service"":""93c6df08-1ebc-4abb-8337-dfbe773dcac0"",""deployment"":""82e9c28b-6934-4cf9-9438-f5ba1602bd88"",""replica"":""9cafb12e-241e-4151-a925-9c9cb98937ef""}",2026-05-05T07:57:00.989422865Z
    at async loadConfigFromBundledFile (file:///app/node_modules/.pnpm/vite@7.3.2_@types+node@25.3.5_jiti@2.6.1_lightningcss@1.31.1_tsx@4.21.0_yaml@2.8.2/node_modules/vite/dist/node/chunks/config.js:35920:12),error,"{""level"":""error""}","{""project"":""a964056b-6231-477f-9e7e-d8bc3a289d28"",""environment"":""26a57f03-0ca7-4105-ae40-a714fb9d3d48"",""service"":""93c6df08-1ebc-4abb-8337-dfbe773dcac0"",""deployment"":""82e9c28b-6934-4cf9-9438-f5ba1602bd88"",""replica"":""9cafb12e-241e-4151-a925-9c9cb98937ef""}",2026-05-05T07:57:00.989426030Z
    at async bundleAndLoadConfigFile (file:///app/node_modules/.pnpm/vite@7.3.2_@types+node@25.3.5_jiti@2.6.1_lightningcss@1.31.1_tsx@4.21.0_yaml@2.8.2/node_modules/vite/dist/node/chunks/config.js:35808:17),error,"{""level"":""error""}","{""project"":""a964056b-6231-477f-9e7e-d8bc3a289d28"",""environment"":""26a57f03-0ca7-4105-ae40-a714fb9d3d48"",""service"":""93c6df08-1ebc-4abb-8337-dfbe773dcac0"",""deployment"":""82e9c28b-6934-4cf9-9438-f5ba1602bd88"",""replica"":""9cafb12e-241e-4151-a925-9c9cb98937ef""}",2026-05-05T07:57:00.989428759Z
    at async loadConfigFromFile (file:///app/node_modules/.pnpm/vite@7.3.2_@types+node@25.3.5_jiti@2.6.1_lightningcss@1.31.1_tsx@4.21.0_yaml@2.8.2/node_modules/vite/dist/node/chunks/config.js:35775:42),error,"{""level"":""error""}","{""project"":""a964056b-6231-477f-9e7e-d8bc3a289d28"",""environment"":""26a57f03-0ca7-4105-ae40-a714fb9d3d48"",""service"":""93c6df08-1ebc-4abb-8337-dfbe773dcac0"",""deployment"":""82e9c28b-6934-4cf9-9438-f5ba1602bd88"",""replica"":""9cafb12e-241e-4151-a925-9c9cb98937ef""}",2026-05-05T07:57:00.989431520Z
    at async resolveConfig (file:///app/node_modules/.pnpm/vite@7.3.2_@types+node@25.3.5_jiti@2.6.1_lightningcss@1.31.1_tsx@4.21.0_yaml@2.8.2/node_modules/vite/dist/node/chunks/config.js:35424:22),error,"{""level"":""error""}","{""project"":""a964056b-6231-477f-9e7e-d8bc3a289d28"",""environment"":""26a57f03-0ca7-4105-ae40-a714fb9d3d48"",""service"":""93c6df08-1ebc-4abb-8337-dfbe773dcac0"",""deployment"":""82e9c28b-6934-4cf9-9438-f5ba1602bd88"",""replica"":""9cafb12e-241e-4151-a925-9c9cb98937ef""}",2026-05-05T07:57:00.989434160Z
    at async _createServer (file:///app/node_modules/.pnpm/vite@7.3.2_@types+node@25.3.5_jiti@2.6.1_lightningcss@1.31.1_tsx@4.21.0_yaml@2.8.2/node_modules/vite/dist/node/chunks/config.js:25365:67),error,"{""level"":""error""}","{""project"":""a964056b-6231-477f-9e7e-d8bc3a289d28"",""environment"":""26a57f03-0ca7-4105-ae40-a714fb9d3d48"",""service"":""93c6df08-1ebc-4abb-8337-dfbe773dcac0"",""deployment"":""82e9c28b-6934-4cf9-9438-f5ba1602bd88"",""replica"":""9cafb12e-241e-4151-a925-9c9cb98937ef""}",2026-05-05T07:57:00.989437736Z
    at async CAC.<anonymous> (file:///app/node_modules/.pnpm/vite@7.3.2_@types+node@25.3.5_jiti@2.6.1_lightningcss@1.31.1_tsx@4.21.0_yaml@2.8.2/node_modules/vite/dist/node/cli.js:572:18)[39m,error,"{""level"":""error""}","{""project"":""a964056b-6231-477f-9e7e-d8bc3a289d28"",""environment"":""26a57f03-0ca7-4105-ae40-a714fb9d3d48"",""service"":""93c6df08-1ebc-4abb-8337-dfbe773dcac0"",""deployment"":""82e9c28b-6934-4cf9-9438-f5ba1602bd88"",""replica"":""9cafb12e-241e-4151-a925-9c9cb98937ef""}",2026-05-05T07:57:00.989441147Z
/app/artifacts/family-portal:,info,"{""level"":""info""}","{""project"":""a964056b-6231-477f-9e7e-d8bc3a289d28"",""environment"":""26a57f03-0ca7-4105-ae40-a714fb9d3d48"",""service"":""93c6df08-1ebc-4abb-8337-dfbe773dcac0"",""deployment"":""82e9c28b-6934-4cf9-9438-f5ba1602bd88"",""replica"":""9cafb12e-241e-4151-a925-9c9cb98937ef""}",2026-05-05T07:57:00.990322876Z
 ERR_PNPM_RECURSIVE_RUN_FIRST_FAIL  @workspace/family-portal@0.0.0 dev: `vite --config vite.config.ts --host 0.0.0.0`,info,"{""level"":""info""}","{""project"":""a964056b-6231-477f-9e7e-d8bc3a289d28"",""environment"":""26a57f03-0ca7-4105-ae40-a714fb9d3d48"",""service"":""93c6df08-1ebc-4abb-8337-dfbe773dcac0"",""deployment"":""82e9c28b-6934-4cf9-9438-f5ba1602bd88"",""replica"":""9cafb12e-241e-4151-a925-9c9cb98937ef""}",2026-05-05T07:57:00.990326213Z
Exit status 1,info,"{""level"":""info""}","{""project"":""a964056b-6231-477f-9e7e-d8bc3a289d28"",""environment"":""26a57f03-0ca7-4105-ae40-a714fb9d3d48"",""service"":""93c6df08-1ebc-4abb-8337-dfbe773dcac0"",""deployment"":""82e9c28b-6934-4cf9-9438-f5ba1602bd88"",""replica"":""9cafb12e-241e-4151-a925-9c9cb98937ef""}",2026-05-05T07:57:00.990329755Z
,info,"{""level"":""info""}","{""project"":""a964056b-6231-477f-9e7e-d8bc3a289d28"",""environment"":""26a57f03-0ca7-4105-ae40-a714fb9d3d48"",""service"":""93c6df08-1ebc-4abb-8337-dfbe773dcac0"",""deployment"":""82e9c28b-6934-4cf9-9438-f5ba1602bd88"",""replica"":""9cafb12e-241e-4151-a925-9c9cb98937ef""}",2026-05-05T07:57:01.755289539Z
> @workspace/family-portal@0.0.0 dev /app/artifacts/family-portal,info,"{""level"":""info""}","{""project"":""a964056b-6231-477f-9e7e-d8bc3a289d28"",""environment"":""26a57f03-0ca7-4105-ae40-a714fb9d3d48"",""service"":""93c6df08-1ebc-4abb-8337-dfbe773dcac0"",""deployment"":""82e9c28b-6934-4cf9-9438-f5ba1602bd88"",""replica"":""9cafb12e-241e-4151-a925-9c9cb98937ef""}",2026-05-05T07:57:01.755295314Z
> vite --config vite.config.ts --host 0.0.0.0,info,"{""level"":""info""}","{""project"":""a964056b-6231-477f-9e7e-d8bc3a289d28"",""environment"":""26a57f03-0ca7-4105-ae40-a714fb9d3d48"",""service"":""93c6df08-1ebc-4abb-8337-dfbe773dcac0"",""deployment"":""82e9c28b-6934-4cf9-9438-f5ba1602bd88"",""replica"":""9cafb12e-241e-4151-a925-9c9cb98937ef""}",2026-05-05T07:57:01.755299121Z
,info,"{""level"":""info""}","{""project"":""a964056b-6231-477f-9e7e-d8bc3a289d28"",""environment"":""26a57f03-0ca7-4105-ae40-a714fb9d3d48"",""service"":""93c6df08-1ebc-4abb-8337-dfbe773dcac0"",""deployment"":""82e9c28b-6934-4cf9-9438-f5ba1602bd88"",""replica"":""9cafb12e-241e-4151-a925-9c9cb98937ef""}",2026-05-05T07:57:01.755302647Z
    at file:///app/artifacts/family-portal/node_modules/.vite-temp/vite.config.ts.timestamp-1777967821866-0008cb2597a1d.mjs:20:9,error,"{""level"":""error""}","{""project"":""a964056b-6231-477f-9e7e-d8bc3a289d28"",""environment"":""26a57f03-0ca7-4105-ae40-a714fb9d3d48"",""service"":""93c6df08-1ebc-4abb-8337-dfbe773dcac0"",""deployment"":""82e9c28b-6934-4cf9-9438-f5ba1602bd88"",""replica"":""9cafb12e-241e-4151-a925-9c9cb98937ef""}",2026-05-05T07:57:02.005856998Z
    at async loadConfigFromFile (file:///app/node_modules/.pnpm/vite@7.3.2_@types+node@25.3.5_jiti@2.6.1_lightningcss@1.31.1_tsx@4.21.0_yaml@2.8.2/node_modules/vite/dist/node/chunks/config.js:35775:42),error,"{""level"":""error""}","{""project"":""a964056b-6231-477f-9e7e-d8bc3a289d28"",""environment"":""26a57f03-0ca7-4105-ae40-a714fb9d3d48"",""service"":""93c6df08-1ebc-4abb-8337-dfbe773dcac0"",""deployment"":""82e9c28b-6934-4cf9-9438-f5ba1602bd88"",""replica"":""9cafb12e-241e-4151-a925-9c9cb98937ef""}",2026-05-05T07:57:02.005858990Z
    at ModuleJob.run (node:internal/modules/esm/module_job:343:25),error,"{""level"":""error""}","{""project"":""a964056b-6231-477f-9e7e-d8bc3a289d28"",""environment"":""26a57f03-0ca7-4105-ae40-a714fb9d3d48"",""service"":""93c6df08-1ebc-4abb-8337-dfbe773dcac0"",""deployment"":""82e9c28b-6934-4cf9-9438-f5ba1602bd88"",""replica"":""9cafb12e-241e-4151-a925-9c9cb98937ef""}",2026-05-05T07:57:02.005865171Z
    at async resolveConfig (file:///app/node_modules/.pnpm/vite@7.3.2_@types+node@25.3.5_jiti@2.6.1_lightningcss@1.31.1_tsx@4.21.0_yaml@2.8.2/node_modules/vite/dist/node/chunks/config.js:35424:22),error,"{""level"":""error""}","{""project"":""a964056b-6231-477f-9e7e-d8bc3a289d28"",""environment"":""26a57f03-0ca7-4105-ae40-a714fb9d3d48"",""service"":""93c6df08-1ebc-4abb-8337-dfbe773dcac0"",""deployment"":""82e9c28b-6934-4cf9-9438-f5ba1602bd88"",""replica"":""9cafb12e-241e-4151-a925-9c9cb98937ef""}",2026-05-05T07:57:02.005869472Z
[31mfailed to load config from /app/artifacts/family-portal/vite.config.ts[39m,error,"{""level"":""error""}","{""project"":""a964056b-6231-477f-9e7e-d8bc3a289d28"",""environment"":""26a57f03-0ca7-4105-ae40-a714fb9d3d48"",""service"":""93c6df08-1ebc-4abb-8337-dfbe773dcac0"",""deployment"":""82e9c28b-6934-4cf9-9438-f5ba1602bd88"",""replica"":""9cafb12e-241e-4151-a925-9c9cb98937ef""}",2026-05-05T07:57:02.005874551Z
    at async _createServer (file:///app/node_modules/.pnpm/vite@7.3.2_@types+node@25.3.5_jiti@2.6.1_lightningcss@1.31.1_tsx@4.21.0_yaml@2.8.2/node_modules/vite/dist/node/chunks/config.js:25365:67),error,"{""level"":""error""}","{""project"":""a964056b-6231-477f-9e7e-d8bc3a289d28"",""environment"":""26a57f03-0ca7-4105-ae40-a714fb9d3d48"",""service"":""93c6df08-1ebc-4abb-8337-dfbe773dcac0"",""deployment"":""82e9c28b-6934-4cf9-9438-f5ba1602bd88"",""replica"":""9cafb12e-241e-4151-a925-9c9cb98937ef""}",2026-05-05T07:57:02.005874929Z
    at async CAC.<anonymous> (file:///app/node_modules/.pnpm/vite@7.3.2_@types+node@25.3.5_jiti@2.6.1_lightningcss@1.31.1_tsx@4.21.0_yaml@2.8.2/node_modules/vite/dist/node/cli.js:572:18)[39m,error,"{""level"":""error""}","{""project"":""a964056b-6231-477f-9e7e-d8bc3a289d28"",""environment"":""26a57f03-0ca7-4105-ae40-a714fb9d3d48"",""service"":""93c6df08-1ebc-4abb-8337-dfbe773dcac0"",""deployment"":""82e9c28b-6934-4cf9-9438-f5ba1602bd88"",""replica"":""9cafb12e-241e-4151-a925-9c9cb98937ef""}",2026-05-05T07:57:02.005881247Z
    at async onImport.tracePromise.__proto__ (node:internal/modules/esm/loader:665:26),error,"{""level"":""error""}","{""project"":""a964056b-6231-477f-9e7e-d8bc3a289d28"",""environment"":""26a57f03-0ca7-4105-ae40-a714fb9d3d48"",""service"":""93c6df08-1ebc-4abb-8337-dfbe773dcac0"",""deployment"":""82e9c28b-6934-4cf9-9438-f5ba1602bd88"",""replica"":""9cafb12e-241e-4151-a925-9c9cb98937ef""}",2026-05-05T07:57:02.005883583Z
    at async loadConfigFromBundledFile (file:///app/node_modules/.pnpm/vite@7.3.2_@types+node@25.3.5_jiti@2.6.1_lightningcss@1.31.1_tsx@4.21.0_yaml@2.8.2/node_modules/vite/dist/node/chunks/config.js:35920:12),error,"{""level"":""error""}","{""project"":""a964056b-6231-477f-9e7e-d8bc3a289d28"",""environment"":""26a57f03-0ca7-4105-ae40-a714fb9d3d48"",""service"":""93c6df08-1ebc-4abb-8337-dfbe773dcac0"",""deployment"":""82e9c28b-6934-4cf9-9438-f5ba1602bd88"",""replica"":""9cafb12e-241e-4151-a925-9c9cb98937ef""}",2026-05-05T07:57:02.005894261Z
    at async bundleAndLoadConfigFile (file:///app/node_modules/.pnpm/vite@7.3.2_@types+node@25.3.5_jiti@2.6.1_lightningcss@1.31.1_tsx@4.21.0_yaml@2.8.2/node_modules/vite/dist/node/chunks/config.js:35808:17),error,"{""level"":""error""}","{""project"":""a964056b-6231-477f-9e7e-d8bc3a289d28"",""environment"":""26a57f03-0ca7-4105-ae40-a714fb9d3d48"",""service"":""93c6df08-1ebc-4abb-8337-dfbe773dcac0"",""deployment"":""82e9c28b-6934-4cf9-9438-f5ba1602bd88"",""replica"":""9cafb12e-241e-4151-a925-9c9cb98937ef""}",2026-05-05T07:57:02.005901494Z
[31merror when starting dev server:,error,"{""level"":""error""}","{""project"":""a964056b-6231-477f-9e7e-d8bc3a289d28"",""environment"":""26a57f03-0ca7-4105-ae40-a714fb9d3d48"",""service"":""93c6df08-1ebc-4abb-8337-dfbe773dcac0"",""deployment"":""82e9c28b-6934-4cf9-9438-f5ba1602bd88"",""replica"":""9cafb12e-241e-4151-a925-9c9cb98937ef""}",2026-05-05T07:57:02.005904544Z
Error: BASE_PATH environment variable is required but was not provided.,error,"{""level"":""error""}","{""project"":""a964056b-6231-477f-9e7e-d8bc3a289d28"",""environment"":""26a57f03-0ca7-4105-ae40-a714fb9d3d48"",""service"":""93c6df08-1ebc-4abb-8337-dfbe773dcac0"",""deployment"":""82e9c28b-6934-4cf9-9438-f5ba1602bd88"",""replica"":""9cafb12e-241e-4151-a925-9c9cb98937ef""}",2026-05-05T07:57:02.005912405Z
/app/artifacts/family-portal:,info,"{""level"":""info""}","{""project"":""a964056b-6231-477f-9e7e-d8bc3a289d28"",""environment"":""26a57f03-0ca7-4105-ae40-a714fb9d3d48"",""service"":""93c6df08-1ebc-4abb-8337-dfbe773dcac0"",""deployment"":""82e9c28b-6934-4cf9-9438-f5ba1602bd88"",""replica"":""9cafb12e-241e-4151-a925-9c9cb98937ef""}",2026-05-05T07:57:02.010560956Z
 ERR_PNPM_RECURSIVE_RUN_FIRST_FAIL  @workspace/family-portal@0.0.0 dev: `vite --config vite.config.ts --host 0.0.0.0`,info,"{""level"":""info""}","{""project"":""a964056b-6231-477f-9e7e-d8bc3a289d28"",""environment"":""26a57f03-0ca7-4105-ae40-a714fb9d3d48"",""service"":""93c6df08-1ebc-4abb-8337-dfbe773dcac0"",""deployment"":""82e9c28b-6934-4cf9-9438-f5ba1602bd88"",""replica"":""9cafb12e-241e-4151-a925-9c9cb98937ef""}",2026-05-05T07:57:02.010567383Z
Exit status 1,info,"{""level"":""info""}","{""project"":""a964056b-6231-477f-9e7e-d8bc3a289d28"",""environment"":""26a57f03-0ca7-4105-ae40-a714fb9d3d48"",""service"":""93c6df08-1ebc-4abb-8337-dfbe773dcac0"",""deployment"":""82e9c28b-6934-4cf9-9438-f5ba1602bd88"",""replica"":""9cafb12e-241e-4151-a925-9c9cb98937ef""}",2026-05-05T07:57:02.010571101Z
> @workspace/family-portal@0.0.0 dev /app/artifacts/family-portal,info,"{""level"":""info""}","{""project"":""a964056b-6231-477f-9e7e-d8bc3a289d28"",""environment"":""26a57f03-0ca7-4105-ae40-a714fb9d3d48"",""service"":""93c6df08-1ebc-4abb-8337-dfbe773dcac0"",""deployment"":""82e9c28b-6934-4cf9-9438-f5ba1602bd88"",""replica"":""9cafb12e-241e-4151-a925-9c9cb98937ef""}",2026-05-05T07:57:02.998841391Z
> vite --config vite.config.ts --host 0.0.0.0,info,"{""level"":""info""}","{""project"":""a964056b-6231-477f-9e7e-d8bc3a289d28"",""environment"":""26a57f03-0ca7-4105-ae40-a714fb9d3d48"",""service"":""93c6df08-1ebc-4abb-8337-dfbe773dcac0"",""deployment"":""82e9c28b-6934-4cf9-9438-f5ba1602bd88"",""replica"":""9cafb12e-241e-4151-a925-9c9cb98937ef""}",2026-05-05T07:57:02.998848831Z
,info,"{""level"":""info""}","{""project"":""a964056b-6231-477f-9e7e-d8bc3a289d28"",""environment"":""26a57f03-0ca7-4105-ae40-a714fb9d3d48"",""service"":""93c6df08-1ebc-4abb-8337-dfbe773dcac0"",""deployment"":""82e9c28b-6934-4cf9-9438-f5ba1602bd88"",""replica"":""9cafb12e-241e-4151-a925-9c9cb98937ef""}",2026-05-05T07:57:02.998855403Z
,info,"{""level"":""info""}","{""project"":""a964056b-6231-477f-9e7e-d8bc3a289d28"",""environment"":""26a57f03-0ca7-4105-ae40-a714fb9d3d48"",""service"":""93c6df08-1ebc-4abb-8337-dfbe773dcac0"",""deployment"":""82e9c28b-6934-4cf9-9438-f5ba1602bd88"",""replica"":""9cafb12e-241e-4151-a925-9c9cb98937ef""}",2026-05-05T07:57:02.998869689Z
Starting Container,info,"{""level"":""info""}","{""project"":""a964056b-6231-477f-9e7e-d8bc3a289d28"",""environment"":""26a57f03-0ca7-4105-ae40-a714fb9d3d48"",""service"":""93c6df08-1ebc-4abb-8337-dfbe773dcac0"",""deployment"":""82e9c28b-6934-4cf9-9438-f5ba1602bd88"",""replica"":""9cafb12e-241e-4151-a925-9c9cb98937ef""}",2026-05-05T07:57:03.021747168Z
[31mfailed to load config from /app/artifacts/family-portal/vite.config.ts[39m,error,"{""level"":""error""}","{""project"":""a964056b-6231-477f-9e7e-d8bc3a289d28"",""environment"":""26a57f03-0ca7-4105-ae40-a714fb9d3d48"",""service"":""93c6df08-1ebc-4abb-8337-dfbe773dcac0"",""deployment"":""82e9c28b-6934-4cf9-9438-f5ba1602bd88"",""replica"":""9cafb12e-241e-4151-a925-9c9cb98937ef""}",2026-05-05T07:57:03.061479617Z
[31merror when starting dev server:,error,"{""level"":""error""}","{""project"":""a964056b-6231-477f-9e7e-d8bc3a289d28"",""environment"":""26a57f03-0ca7-4105-ae40-a714fb9d3d48"",""service"":""93c6df08-1ebc-4abb-8337-dfbe773dcac0"",""deployment"":""82e9c28b-6934-4cf9-9438-f5ba1602bd88"",""replica"":""9cafb12e-241e-4151-a925-9c9cb98937ef""}",2026-05-05T07:57:03.064613121Z
Error: BASE_PATH environment variable is required but was not provided.,error,"{""level"":""error""}","{""project"":""a964056b-6231-477f-9e7e-d8bc3a289d28"",""environment"":""26a57f03-0ca7-4105-ae40-a714fb9d3d48"",""service"":""93c6df08-1ebc-4abb-8337-dfbe773dcac0"",""deployment"":""82e9c28b-6934-4cf9-9438-f5ba1602bd88"",""replica"":""9cafb12e-241e-4151-a925-9c9cb98937ef""}",2026-05-05T07:57:03.064617609Z
    at file:///app/artifacts/family-portal/node_modules/.vite-temp/vite.config.ts.timestamp-1777967822990-ae729fd2523b7.mjs:20:9,error,"{""level"":""error""}","{""project"":""a964056b-6231-477f-9e7e-d8bc3a289d28"",""environment"":""26a57f03-0ca7-4105-ae40-a714fb9d3d48"",""service"":""93c6df08-1ebc-4abb-8337-dfbe773dcac0"",""deployment"":""82e9c28b-6934-4cf9-9438-f5ba1602bd88"",""replica"":""9cafb12e-241e-4151-a925-9c9cb98937ef""}",2026-05-05T07:57:03.064622042Z
    at ModuleJob.run (node:internal/modules/esm/module_job:343:25),error,"{""level"":""error""}","{""project"":""a964056b-6231-477f-9e7e-d8bc3a289d28"",""environment"":""26a57f03-0ca7-4105-ae40-a714fb9d3d48"",""service"":""93c6df08-1ebc-4abb-8337-dfbe773dcac0"",""deployment"":""82e9c28b-6934-4cf9-9438-f5ba1602bd88"",""replica"":""9cafb12e-241e-4151-a925-9c9cb98937ef""}",2026-05-05T07:57:03.064626674Z
    at async onImport.tracePromise.__proto__ (node:internal/modules/esm/loader:665:26),error,"{""level"":""error""}","{""project"":""a964056b-6231-477f-9e7e-d8bc3a289d28"",""environment"":""26a57f03-0ca7-4105-ae40-a714fb9d3d48"",""service"":""93c6df08-1ebc-4abb-8337-dfbe773dcac0"",""deployment"":""82e9c28b-6934-4cf9-9438-f5ba1602bd88"",""replica"":""9cafb12e-241e-4151-a925-9c9cb98937ef""}",2026-05-05T07:57:03.064631476Z
    at async loadConfigFromBundledFile (file:///app/node_modules/.pnpm/vite@7.3.2_@types+node@25.3.5_jiti@2.6.1_lightningcss@1.31.1_tsx@4.21.0_yaml@2.8.2/node_modules/vite/dist/node/chunks/config.js:35920:12),error,"{""level"":""error""}","{""project"":""a964056b-6231-477f-9e7e-d8bc3a289d28"",""environment"":""26a57f03-0ca7-4105-ae40-a714fb9d3d48"",""service"":""93c6df08-1ebc-4abb-8337-dfbe773dcac0"",""deployment"":""82e9c28b-6934-4cf9-9438-f5ba1602bd88"",""replica"":""9cafb12e-241e-4151-a925-9c9cb98937ef""}",2026-05-05T07:57:03.064635897Z
    at async bundleAndLoadConfigFile (file:///app/node_modules/.pnpm/vite@7.3.2_@types+node@25.3.5_jiti@2.6.1_lightningcss@1.31.1_tsx@4.21.0_yaml@2.8.2/node_modules/vite/dist/node/chunks/config.js:35808:17),error,"{""level"":""error""}","{""project"":""a964056b-6231-477f-9e7e-d8bc3a289d28"",""environment"":""26a57f03-0ca7-4105-ae40-a714fb9d3d48"",""service"":""93c6df08-1ebc-4abb-8337-dfbe773dcac0"",""deployment"":""82e9c28b-6934-4cf9-9438-f5ba1602bd88"",""replica"":""9cafb12e-241e-4151-a925-9c9cb98937ef""}",2026-05-05T07:57:03.064640402Z
    at async loadConfigFromFile (file:///app/node_modules/.pnpm/vite@7.3.2_@types+node@25.3.5_jiti@2.6.1_lightningcss@1.31.1_tsx@4.21.0_yaml@2.8.2/node_modules/vite/dist/node/chunks/config.js:35775:42),error,"{""level"":""error""}","{""project"":""a964056b-6231-477f-9e7e-d8bc3a289d28"",""environment"":""26a57f03-0ca7-4105-ae40-a714fb9d3d48"",""service"":""93c6df08-1ebc-4abb-8337-dfbe773dcac0"",""deployment"":""82e9c28b-6934-4cf9-9438-f5ba1602bd88"",""replica"":""9cafb12e-241e-4151-a925-9c9cb98937ef""}",2026-05-05T07:57:03.064644567Z
    at async resolveConfig (file:///app/node_modules/.pnpm/vite@7.3.2_@types+node@25.3.5_jiti@2.6.1_lightningcss@1.31.1_tsx@4.21.0_yaml@2.8.2/node_modules/vite/dist/node/chunks/config.js:35424:22),error,"{""level"":""error""}","{""project"":""a964056b-6231-477f-9e7e-d8bc3a289d28"",""environment"":""26a57f03-0ca7-4105-ae40-a714fb9d3d48"",""service"":""93c6df08-1ebc-4abb-8337-dfbe773dcac0"",""deployment"":""82e9c28b-6934-4cf9-9438-f5ba1602bd88"",""replica"":""9cafb12e-241e-4151-a925-9c9cb98937ef""}",2026-05-05T07:57:03.064656694Z
    at async _createServer (file:///app/node_modules/.pnpm/vite@7.3.2_@types+node@25.3.5_jiti@2.6.1_lightningcss@1.31.1_tsx@4.21.0_yaml@2.8.2/node_modules/vite/dist/node/chunks/config.js:25365:67),error,"{""level"":""error""}","{""project"":""a964056b-6231-477f-9e7e-d8bc3a289d28"",""environment"":""26a57f03-0ca7-4105-ae40-a714fb9d3d48"",""service"":""93c6df08-1ebc-4abb-8337-dfbe773dcac0"",""deployment"":""82e9c28b-6934-4cf9-9438-f5ba1602bd88"",""replica"":""9cafb12e-241e-4151-a925-9c9cb98937ef""}",2026-05-05T07:57:03.064662071Z
    at async CAC.<anonymous> (file:///app/node_modules/.pnpm/vite@7.3.2_@types+node@25.3.5_jiti@2.6.1_lightningcss@1.31.1_tsx@4.21.0_yaml@2.8.2/node_modules/vite/dist/node/cli.js:572:18)[39m,error,"{""level"":""error""}","{""project"":""a964056b-6231-477f-9e7e-d8bc3a289d28"",""environment"":""26a57f03-0ca7-4105-ae40-a714fb9d3d48"",""service"":""93c6df08-1ebc-4abb-8337-dfbe773dcac0"",""deployment"":""82e9c28b-6934-4cf9-9438-f5ba1602bd88"",""replica"":""9cafb12e-241e-4151-a925-9c9cb98937ef""}",2026-05-05T07:57:03.064666413Z
/app/artifacts/family-portal:,info,"{""level"":""info""}","{""project"":""a964056b-6231-477f-9e7e-d8bc3a289d28"",""environment"":""26a57f03-0ca7-4105-ae40-a714fb9d3d48"",""service"":""93c6df08-1ebc-4abb-8337-dfbe773dcac0"",""deployment"":""82e9c28b-6934-4cf9-9438-f5ba1602bd88"",""replica"":""9cafb12e-241e-4151-a925-9c9cb98937ef""}",2026-05-05T07:57:03.085622325Z
 ERR_PNPM_RECURSIVE_RUN_FIRST_FAIL  @workspace/family-portal@0.0.0 dev: `vite --config vite.config.ts --host 0.0.0.0`,info,"{""level"":""info""}","{""project"":""a964056b-6231-477f-9e7e-d8bc3a289d28"",""environment"":""26a57f03-0ca7-4105-ae40-a714fb9d3d48"",""service"":""93c6df08-1ebc-4abb-8337-dfbe773dcac0"",""deployment"":""82e9c28b-6934-4cf9-9438-f5ba1602bd88"",""replica"":""9cafb12e-241e-4151-a925-9c9cb98937ef""}",2026-05-05T07:57:03.085626879Z
Exit status 1,info,"{""level"":""info""}","{""project"":""a964056b-6231-477f-9e7e-d8bc3a289d28"",""environment"":""26a57f03-0ca7-4105-ae40-a714fb9d3d48"",""service"":""93c6df08-1ebc-4abb-8337-dfbe773dcac0"",""deployment"":""82e9c28b-6934-4cf9-9438-f5ba1602bd88"",""replica"":""9cafb12e-241e-4151-a925-9c9cb98937ef""}",2026-05-05T07:57:03.085631182Z
,info,"{""level"":""info""}","{""project"":""a964056b-6231-477f-9e7e-d8bc3a289d28"",""environment"":""26a57f03-0ca7-4105-ae40-a714fb9d3d48"",""service"":""93c6df08-1ebc-4abb-8337-dfbe773dcac0"",""deployment"":""82e9c28b-6934-4cf9-9438-f5ba1602bd88"",""replica"":""9cafb12e-241e-4151-a925-9c9cb98937ef""}",2026-05-05T07:57:04.131386920Z
> @workspace/family-portal@0.0.0 dev /app/artifacts/family-portal,info,"{""level"":""info""}","{""project"":""a964056b-6231-477f-9e7e-d8bc3a289d28"",""environment"":""26a57f03-0ca7-4105-ae40-a714fb9d3d48"",""service"":""93c6df08-1ebc-4abb-8337-dfbe773dcac0"",""deployment"":""82e9c28b-6934-4cf9-9438-f5ba1602bd88"",""replica"":""9cafb12e-241e-4151-a925-9c9cb98937ef""}",2026-05-05T07:57:04.131390800Z
> vite --config vite.config.ts --host 0.0.0.0,info,"{""level"":""info""}","{""project"":""a964056b-6231-477f-9e7e-d8bc3a289d28"",""environment"":""26a57f03-0ca7-4105-ae40-a714fb9d3d48"",""service"":""93c6df08-1ebc-4abb-8337-dfbe773dcac0"",""deployment"":""82e9c28b-6934-4cf9-9438-f5ba1602bd88"",""replica"":""9cafb12e-241e-4151-a925-9c9cb98937ef""}",2026-05-05T07:57:04.131393750Z
,info,"{""level"":""info""}","{""project"":""a964056b-6231-477f-9e7e-d8bc3a289d28"",""environment"":""26a57f03-0ca7-4105-ae40-a714fb9d3d48"",""service"":""93c6df08-1ebc-4abb-8337-dfbe773dcac0"",""deployment"":""82e9c28b-6934-4cf9-9438-f5ba1602bd88"",""replica"":""9cafb12e-241e-4151-a925-9c9cb98937ef""}",2026-05-05T07:57:04.131396410Z
[31mfailed to load config from /app/artifacts/family-portal/vite.config.ts[39m,error,"{""level"":""error""}","{""project"":""a964056b-6231-477f-9e7e-d8bc3a289d28"",""environment"":""26a57f03-0ca7-4105-ae40-a714fb9d3d48"",""service"":""93c6df08-1ebc-4abb-8337-dfbe773dcac0"",""deployment"":""82e9c28b-6934-4cf9-9438-f5ba1602bd88"",""replica"":""9cafb12e-241e-4151-a925-9c9cb98937ef""}",2026-05-05T07:57:04.356319657Z
[31merror when starting dev server:,error,"{""level"":""error""}","{""project"":""a964056b-6231-477f-9e7e-d8bc3a289d28"",""environment"":""26a57f03-0ca7-4105-ae40-a714fb9d3d48"",""service"":""93c6df08-1ebc-4abb-8337-dfbe773dcac0"",""deployment"":""82e9c28b-6934-4cf9-9438-f5ba1602bd88"",""replica"":""9cafb12e-241e-4151-a925-9c9cb98937ef""}",2026-05-05T07:57:04.356322716Z
Error: BASE_PATH environment variable is required but was not provided.,error,"{""level"":""error""}","{""project"":""a964056b-6231-477f-9e7e-d8bc3a289d28"",""environment"":""26a57f03-0ca7-4105-ae40-a714fb9d3d48"",""service"":""93c6df08-1ebc-4abb-8337-dfbe773dcac0"",""deployment"":""82e9c28b-6934-4cf9-9438-f5ba1602bd88"",""replica"":""9cafb12e-241e-4151-a925-9c9cb98937ef""}",2026-05-05T07:57:04.356325886Z
    at file:///app/artifacts/family-portal/node_modules/.vite-temp/vite.config.ts.timestamp-1777967824286-cd5f933c27f04.mjs:20:9,error,"{""level"":""error""}","{""project"":""a964056b-6231-477f-9e7e-d8bc3a289d28"",""environment"":""26a57f03-0ca7-4105-ae40-a714fb9d3d48"",""service"":""93c6df08-1ebc-4abb-8337-dfbe773dcac0"",""deployment"":""82e9c28b-6934-4cf9-9438-f5ba1602bd88"",""replica"":""9cafb12e-241e-4151-a925-9c9cb98937ef""}",2026-05-05T07:57:04.356330093Z
    at ModuleJob.run (node:internal/modules/esm/module_job:343:25),error,"{""level"":""error""}","{""project"":""a964056b-6231-477f-9e7e-d8bc3a289d28"",""environment"":""26a57f03-0ca7-4105-ae40-a714fb9d3d48"",""service"":""93c6df08-1ebc-4abb-8337-dfbe773dcac0"",""deployment"":""82e9c28b-6934-4cf9-9438-f5ba1602bd88"",""replica"":""9cafb12e-241e-4151-a925-9c9cb98937ef""}",2026-05-05T07:57:04.356333269Z
    at async onImport.tracePromise.__proto__ (node:internal/modules/esm/loader:665:26),error,"{""level"":""error""}","{""project"":""a964056b-6231-477f-9e7e-d8bc3a289d28"",""environment"":""26a57f03-0ca7-4105-ae40-a714fb9d3d48"",""service"":""93c6df08-1ebc-4abb-8337-dfbe773dcac0"",""deployment"":""82e9c28b-6934-4cf9-9438-f5ba1602bd88"",""replica"":""9cafb12e-241e-4151-a925-9c9cb98937ef""}",2026-05-05T07:57:04.356336416Z
    at async loadConfigFromBundledFile (file:///app/node_modules/.pnpm/vite@7.3.2_@types+node@25.3.5_jiti@2.6.1_lightningcss@1.31.1_tsx@4.21.0_yaml@2.8.2/node_modules/vite/dist/node/chunks/config.js:35920:12),error,"{""level"":""error""}","{""project"":""a964056b-6231-477f-9e7e-d8bc3a289d28"",""environment"":""26a57f03-0ca7-4105-ae40-a714fb9d3d48"",""service"":""93c6df08-1ebc-4abb-8337-dfbe773dcac0"",""deployment"":""82e9c28b-6934-4cf9-9438-f5ba1602bd88"",""replica"":""9cafb12e-241e-4151-a925-9c9cb98937ef""}",2026-05-05T07:57:04.356339489Z
    at async bundleAndLoadConfigFile (file:///app/node_modules/.pnpm/vite@7.3.2_@types+node@25.3.5_jiti@2.6.1_lightningcss@1.31.1_tsx@4.21.0_yaml@2.8.2/node_modules/vite/dist/node/chunks/config.js:35808:17),error,"{""level"":""error""}","{""project"":""a964056b-6231-477f-9e7e-d8bc3a289d28"",""environment"":""26a57f03-0ca7-4105-ae40-a714fb9d3d48"",""service"":""93c6df08-1ebc-4abb-8337-dfbe773dcac0"",""deployment"":""82e9c28b-6934-4cf9-9438-f5ba1602bd88"",""replica"":""9cafb12e-241e-4151-a925-9c9cb98937ef""}",2026-05-05T07:57:04.356342178Z
    at async loadConfigFromFile (file:///app/node_modules/.pnpm/vite@7.3.2_@types+node@25.3.5_jiti@2.6.1_lightningcss@1.31.1_tsx@4.21.0_yaml@2.8.2/node_modules/vite/dist/node/chunks/config.js:35775:42),error,"{""level"":""error""}","{""project"":""a964056b-6231-477f-9e7e-d8bc3a289d28"",""environment"":""26a57f03-0ca7-4105-ae40-a714fb9d3d48"",""service"":""93c6df08-1ebc-4abb-8337-dfbe773dcac0"",""deployment"":""82e9c28b-6934-4cf9-9438-f5ba1602bd88"",""replica"":""9cafb12e-241e-4151-a925-9c9cb98937ef""}",2026-05-05T07:57:04.356345572Z
    at async resolveConfig (file:///app/node_modules/.pnpm/vite@7.3.2_@types+node@25.3.5_jiti@2.6.1_lightningcss@1.31.1_tsx@4.21.0_yaml@2.8.2/node_modules/vite/dist/node/chunks/config.js:35424:22),error,"{""level"":""error""}","{""project"":""a964056b-6231-477f-9e7e-d8bc3a289d28"",""environment"":""26a57f03-0ca7-4105-ae40-a714fb9d3d48"",""service"":""93c6df08-1ebc-4abb-8337-dfbe773dcac0"",""deployment"":""82e9c28b-6934-4cf9-9438-f5ba1602bd88"",""replica"":""9cafb12e-241e-4151-a925-9c9cb98937ef""}",2026-05-05T07:57:04.356348569Z
    at async _createServer (file:///app/node_modules/.pnpm/vite@7.3.2_@types+node@25.3.5_jiti@2.6.1_lightningcss@1.31.1_tsx@4.21.0_yaml@2.8.2/node_modules/vite/dist/node/chunks/config.js:25365:67),error,"{""level"":""error""}","{""project"":""a964056b-6231-477f-9e7e-d8bc3a289d28"",""environment"":""26a57f03-0ca7-4105-ae40-a714fb9d3d48"",""service"":""93c6df08-1ebc-4abb-8337-dfbe773dcac0"",""deployment"":""82e9c28b-6934-4cf9-9438-f5ba1602bd88"",""replica"":""9cafb12e-241e-4151-a925-9c9cb98937ef""}",2026-05-05T07:57:04.356351557Z
    at async CAC.<anonymous> (file:///app/node_modules/.pnpm/vite@7.3.2_@types+node@25.3.5_jiti@2.6.1_lightningcss@1.31.1_tsx@4.21.0_yaml@2.8.2/node_modules/vite/dist/node/cli.js:572:18)[39m,error,"{""level"":""error""}","{""project"":""a964056b-6231-477f-9e7e-d8bc3a289d28"",""environment"":""26a57f03-0ca7-4105-ae40-a714fb9d3d48"",""service"":""93c6df08-1ebc-4abb-8337-dfbe773dcac0"",""deployment"":""82e9c28b-6934-4cf9-9438-f5ba1602bd88"",""replica"":""9cafb12e-241e-4151-a925-9c9cb98937ef""}",2026-05-05T07:57:04.356354448Z
/app/artifacts/family-portal:,info,"{""level"":""info""}","{""project"":""a964056b-6231-477f-9e7e-d8bc3a289d28"",""environment"":""26a57f03-0ca7-4105-ae40-a714fb9d3d48"",""service"":""93c6df08-1ebc-4abb-8337-dfbe773dcac0"",""deployment"":""82e9c28b-6934-4cf9-9438-f5ba1602bd88"",""replica"":""9cafb12e-241e-4151-a925-9c9cb98937ef""}",2026-05-05T07:57:04.377637254Z
 ERR_PNPM_RECURSIVE_RUN_FIRST_FAIL  @workspace/family-portal@0.0.0 dev: `vite --config vite.config.ts --host 0.0.0.0`,info,"{""level"":""info""}","{""project"":""a964056b-6231-477f-9e7e-d8bc3a289d28"",""environment"":""26a57f03-0ca7-4105-ae40-a714fb9d3d48"",""service"":""93c6df08-1ebc-4abb-8337-dfbe773dcac0"",""deployment"":""82e9c28b-6934-4cf9-9438-f5ba1602bd88"",""replica"":""9cafb12e-241e-4151-a925-9c9cb98937ef""}",2026-05-05T07:57:04.377640478Z
Exit status 1,info,"{""level"":""info""}","{""project"":""a964056b-6231-477f-9e7e-d8bc3a289d28"",""environment"":""26a57f03-0ca7-4105-ae40-a714fb9d3d48"",""service"":""93c6df08-1ebc-4abb-8337-dfbe773dcac0"",""deployment"":""82e9c28b-6934-4cf9-9438-f5ba1602bd88"",""replica"":""9cafb12e-241e-4151-a925-9c9cb98937ef""}",2026-05-05T07:57:04.377643440Z
,info,"{""level"":""info""}","{""project"":""a964056b-6231-477f-9e7e-d8bc3a289d28"",""environment"":""26a57f03-0ca7-4105-ae40-a714fb9d3d48"",""service"":""93c6df08-1ebc-4abb-8337-dfbe773dcac0"",""deployment"":""82e9c28b-6934-4cf9-9438-f5ba1602bd88"",""replica"":""9cafb12e-241e-4151-a925-9c9cb98937ef""}",2026-05-05T07:57:05.163716829Z
> @workspace/family-portal@0.0.0 dev /app/artifacts/family-portal,info,"{""level"":""info""}","{""project"":""a964056b-6231-477f-9e7e-d8bc3a289d28"",""environment"":""26a57f03-0ca7-4105-ae40-a714fb9d3d48"",""service"":""93c6df08-1ebc-4abb-8337-dfbe773dcac0"",""deployment"":""82e9c28b-6934-4cf9-9438-f5ba1602bd88"",""replica"":""9cafb12e-241e-4151-a925-9c9cb98937ef""}",2026-05-05T07:57:05.163720403Z
> vite --config vite.config.ts --host 0.0.0.0,info,"{""level"":""info""}","{""project"":""a964056b-6231-477f-9e7e-d8bc3a289d28"",""environment"":""26a57f03-0ca7-4105-ae40-a714fb9d3d48"",""service"":""93c6df08-1ebc-4abb-8337-dfbe773dcac0"",""deployment"":""82e9c28b-6934-4cf9-9438-f5ba1602bd88"",""replica"":""9cafb12e-241e-4151-a925-9c9cb98937ef""}",2026-05-05T07:57:05.163723250Z
,info,"{""level"":""info""}","{""project"":""a964056b-6231-477f-9e7e-d8bc3a289d28"",""environment"":""26a57f03-0ca7-4105-ae40-a714fb9d3d48"",""service"":""93c6df08-1ebc-4abb-8337-dfbe773dcac0"",""deployment"":""82e9c28b-6934-4cf9-9438-f5ba1602bd88"",""replica"":""9cafb12e-241e-4151-a925-9c9cb98937ef""}",2026-05-05T07:57:05.163726055Z
[31mfailed to load config from /app/artifacts/family-portal/vite.config.ts[39m,error,"{""level"":""error""}","{""project"":""a964056b-6231-477f-9e7e-d8bc3a289d28"",""environment"":""26a57f03-0ca7-4105-ae40-a714fb9d3d48"",""service"":""93c6df08-1ebc-4abb-8337-dfbe773dcac0"",""deployment"":""82e9c28b-6934-4cf9-9438-f5ba1602bd88"",""replica"":""9cafb12e-241e-4151-a925-9c9cb98937ef""}",2026-05-05T07:57:05.340258105Z
[31merror when starting dev server:,error,"{""level"":""error""}","{""project"":""a964056b-6231-477f-9e7e-d8bc3a289d28"",""environment"":""26a57f03-0ca7-4105-ae40-a714fb9d3d48"",""service"":""93c6df08-1ebc-4abb-8337-dfbe773dcac0"",""deployment"":""82e9c28b-6934-4cf9-9438-f5ba1602bd88"",""replica"":""9cafb12e-241e-4151-a925-9c9cb98937ef""}",2026-05-05T07:57:05.341877952Z
Error: BASE_PATH environment variable is required but was not provided.,error,"{""level"":""error""}","{""project"":""a964056b-6231-477f-9e7e-d8bc3a289d28"",""environment"":""26a57f03-0ca7-4105-ae40-a714fb9d3d48"",""service"":""93c6df08-1ebc-4abb-8337-dfbe773dcac0"",""deployment"":""82e9c28b-6934-4cf9-9438-f5ba1602bd88"",""replica"":""9cafb12e-241e-4151-a925-9c9cb98937ef""}",2026-05-05T07:57:05.341881628Z
    at file:///app/artifacts/family-portal/node_modules/.vite-temp/vite.config.ts.timestamp-1777967825274-a803e18a75ecd.mjs:20:9,error,"{""level"":""error""}","{""project"":""a964056b-6231-477f-9e7e-d8bc3a289d28"",""environment"":""26a57f03-0ca7-4105-ae40-a714fb9d3d48"",""service"":""93c6df08-1ebc-4abb-8337-dfbe773dcac0"",""deployment"":""82e9c28b-6934-4cf9-9438-f5ba1602bd88"",""replica"":""9cafb12e-241e-4151-a925-9c9cb98937ef""}",2026-05-05T07:57:05.341884790Z
    at ModuleJob.run (node:internal/modules/esm/module_job:343:25),error,"{""level"":""error""}","{""project"":""a964056b-6231-477f-9e7e-d8bc3a289d28"",""environment"":""26a57f03-0ca7-4105-ae40-a714fb9d3d48"",""service"":""93c6df08-1ebc-4abb-8337-dfbe773dcac0"",""deployment"":""82e9c28b-6934-4cf9-9438-f5ba1602bd88"",""replica"":""9cafb12e-241e-4151-a925-9c9cb98937ef""}",2026-05-05T07:57:05.341888186Z
    at async onImport.tracePromise.__proto__ (node:internal/modules/esm/loader:665:26),error,"{""level"":""error""}","{""project"":""a964056b-6231-477f-9e7e-d8bc3a289d28"",""environment"":""26a57f03-0ca7-4105-ae40-a714fb9d3d48"",""service"":""93c6df08-1ebc-4abb-8337-dfbe773dcac0"",""deployment"":""82e9c28b-6934-4cf9-9438-f5ba1602bd88"",""replica"":""9cafb12e-241e-4151-a925-9c9cb98937ef""}",2026-05-05T07:57:05.341891226Z
    at async loadConfigFromBundledFile (file:///app/node_modules/.pnpm/vite@7.3.2_@types+node@25.3.5_jiti@2.6.1_lightningcss@1.31.1_tsx@4.21.0_yaml@2.8.2/node_modules/vite/dist/node/chunks/config.js:35920:12),error,"{""level"":""error""}","{""project"":""a964056b-6231-477f-9e7e-d8bc3a289d28"",""environment"":""26a57f03-0ca7-4105-ae40-a714fb9d3d48"",""service"":""93c6df08-1ebc-4abb-8337-dfbe773dcac0"",""deployment"":""82e9c28b-6934-4cf9-9438-f5ba1602bd88"",""replica"":""9cafb12e-241e-4151-a925-9c9cb98937ef""}",2026-05-05T07:57:05.341894434Z
    at async bundleAndLoadConfigFile (file:///app/node_modules/.pnpm/vite@7.3.2_@types+node@25.3.5_jiti@2.6.1_lightningcss@1.31.1_tsx@4.21.0_yaml@2.8.2/node_modules/vite/dist/node/chunks/config.js:35808:17),error,"{""level"":""error""}","{""project"":""a964056b-6231-477f-9e7e-d8bc3a289d28"",""environment"":""26a57f03-0ca7-4105-ae40-a714fb9d3d48"",""service"":""93c6df08-1ebc-4abb-8337-dfbe773dcac0"",""deployment"":""82e9c28b-6934-4cf9-9438-f5ba1602bd88"",""replica"":""9cafb12e-241e-4151-a925-9c9cb98937ef""}",2026-05-05T07:57:05.341897618Z
    at async loadConfigFromFile (file:///app/node_modules/.pnpm/vite@7.3.2_@types+node@25.3.5_jiti@2.6.1_lightningcss@1.31.1_tsx@4.21.0_yaml@2.8.2/node_modules/vite/dist/node/chunks/config.js:35775:42),error,"{""level"":""error""}","{""project"":""a964056b-6231-477f-9e7e-d8bc3a289d28"",""environment"":""26a57f03-0ca7-4105-ae40-a714fb9d3d48"",""service"":""93c6df08-1ebc-4abb-8337-dfbe773dcac0"",""deployment"":""82e9c28b-6934-4cf9-9438-f5ba1602bd88"",""replica"":""9cafb12e-241e-4151-a925-9c9cb98937ef""}",2026-05-05T07:57:05.341900520Z
    at async resolveConfig (file:///app/node_modules/.pnpm/vite@7.3.2_@types+node@25.3.5_jiti@2.6.1_lightningcss@1.31.1_tsx@4.21.0_yaml@2.8.2/node_modules/vite/dist/node/chunks/config.js:35424:22),error,"{""level"":""error""}","{""project"":""a964056b-6231-477f-9e7e-d8bc3a289d28"",""environment"":""26a57f03-0ca7-4105-ae40-a714fb9d3d48"",""service"":""93c6df08-1ebc-4abb-8337-dfbe773dcac0"",""deployment"":""82e9c28b-6934-4cf9-9438-f5ba1602bd88"",""replica"":""9cafb12e-241e-4151-a925-9c9cb98937ef""}",2026-05-05T07:57:05.341903629Z
    at async _createServer (file:///app/node_modules/.pnpm/vite@7.3.2_@types+node@25.3.5_jiti@2.6.1_lightningcss@1.31.1_tsx@4.21.0_yaml@2.8.2/node_modules/vite/dist/node/chunks/config.js:25365:67),error,"{""level"":""error""}","{""project"":""a964056b-6231-477f-9e7e-d8bc3a289d28"",""environment"":""26a57f03-0ca7-4105-ae40-a714fb9d3d48"",""service"":""93c6df08-1ebc-4abb-8337-dfbe773dcac0"",""deployment"":""82e9c28b-6934-4cf9-9438-f5ba1602bd88"",""replica"":""9cafb12e-241e-4151-a925-9c9cb98937ef""}",2026-05-05T07:57:05.341906492Z
    at async CAC.<anonymous> (file:///app/node_modules/.pnpm/vite@7.3.2_@types+node@25.3.5_jiti@2.6.1_lightningcss@1.31.1_tsx@4.21.0_yaml@2.8.2/node_modules/vite/dist/node/cli.js:572:18)[39m,error,"{""level"":""error""}","{""project"":""a964056b-6231-477f-9e7e-d8bc3a289d28"",""environment"":""26a57f03-0ca7-4105-ae40-a714fb9d3d48"",""service"":""93c6df08-1ebc-4abb-8337-dfbe773dcac0"",""deployment"":""82e9c28b-6934-4cf9-9438-f5ba1602bd88"",""replica"":""9cafb12e-241e-4151-a925-9c9cb98937ef""}",2026-05-05T07:57:05.341909209Z
/app/artifacts/family-portal:,info,"{""level"":""info""}","{""project"":""a964056b-6231-477f-9e7e-d8bc3a289d28"",""environment"":""26a57f03-0ca7-4105-ae40-a714fb9d3d48"",""service"":""93c6df08-1ebc-4abb-8337-dfbe773dcac0"",""deployment"":""82e9c28b-6934-4cf9-9438-f5ba1602bd88"",""replica"":""9cafb12e-241e-4151-a925-9c9cb98937ef""}",2026-05-05T07:57:05.362788113Z
 ERR_PNPM_RECURSIVE_RUN_FIRST_FAIL  @workspace/family-portal@0.0.0 dev: `vite --config vite.config.ts --host 0.0.0.0`,info,"{""level"":""info""}","{""project"":""a964056b-6231-477f-9e7e-d8bc3a289d28"",""environment"":""26a57f03-0ca7-4105-ae40-a714fb9d3d48"",""service"":""93c6df08-1ebc-4abb-8337-dfbe773dcac0"",""deployment"":""82e9c28b-6934-4cf9-9438-f5ba1602bd88"",""replica"":""9cafb12e-241e-4151-a925-9c9cb98937ef""}",2026-05-05T07:57:05.362791706Z
Exit status 1,info,"{""level"":""info""}","{""project"":""a964056b-6231-477f-9e7e-d8bc3a289d28"",""environment"":""26a57f03-0ca7-4105-ae40-a714fb9d3d48"",""service"":""93c6df08-1ebc-4abb-8337-dfbe773dcac0"",""deployment"":""82e9c28b-6934-4cf9-9438-f5ba1602bd88"",""replica"":""9cafb12e-241e-4151-a925-9c9cb98937ef""}",2026-05-05T07:57:05.362794823Z
> @workspace/family-portal@0.0.0 dev /app/artifacts/family-portal,info,"{""level"":""info""}","{""project"":""a964056b-6231-477f-9e7e-d8bc3a289d28"",""environment"":""26a57f03-0ca7-4105-ae40-a714fb9d3d48"",""service"":""93c6df08-1ebc-4abb-8337-dfbe773dcac0"",""deployment"":""82e9c28b-6934-4cf9-9438-f5ba1602bd88"",""replica"":""9cafb12e-241e-4151-a925-9c9cb98937ef""}",2026-05-05T07:57:06.149661670Z
> vite --config vite.config.ts --host 0.0.0.0,info,"{""level"":""info""}","{""project"":""a964056b-6231-477f-9e7e-d8bc3a289d28"",""environment"":""26a57f03-0ca7-4105-ae40-a714fb9d3d48"",""service"":""93c6df08-1ebc-4abb-8337-dfbe773dcac0"",""deployment"":""82e9c28b-6934-4cf9-9438-f5ba1602bd88"",""replica"":""9cafb12e-241e-4151-a925-9c9cb98937ef""}",2026-05-05T07:57:06.149667955Z
,info,"{""level"":""info""}","{""project"":""a964056b-6231-477f-9e7e-d8bc3a289d28"",""environment"":""26a57f03-0ca7-4105-ae40-a714fb9d3d48"",""service"":""93c6df08-1ebc-4abb-8337-dfbe773dcac0"",""deployment"":""82e9c28b-6934-4cf9-9438-f5ba1602bd88"",""replica"":""9cafb12e-241e-4151-a925-9c9cb98937ef""}",2026-05-05T07:57:06.149672237Z
,info,"{""level"":""info""}","{""project"":""a964056b-6231-477f-9e7e-d8bc3a289d28"",""environment"":""26a57f03-0ca7-4105-ae40-a714fb9d3d48"",""service"":""93c6df08-1ebc-4abb-8337-dfbe773dcac0"",""deployment"":""82e9c28b-6934-4cf9-9438-f5ba1602bd88"",""replica"":""9cafb12e-241e-4151-a925-9c9cb98937ef""}",2026-05-05T07:57:06.149686382Z
[31mfailed to load config from /app/artifacts/family-portal/vite.config.ts[39m,error,"{""level"":""error""}","{""project"":""a964056b-6231-477f-9e7e-d8bc3a289d28"",""environment"":""26a57f03-0ca7-4105-ae40-a714fb9d3d48"",""service"":""93c6df08-1ebc-4abb-8337-dfbe773dcac0"",""deployment"":""82e9c28b-6934-4cf9-9438-f5ba1602bd88"",""replica"":""9cafb12e-241e-4151-a925-9c9cb98937ef""}",2026-05-05T07:57:06.331000806Z
    at async onImport.tracePromise.__proto__ (node:internal/modules/esm/loader:665:26),error,"{""level"":""error""}","{""project"":""a964056b-6231-477f-9e7e-d8bc3a289d28"",""environment"":""26a57f03-0ca7-4105-ae40-a714fb9d3d48"",""service"":""93c6df08-1ebc-4abb-8337-dfbe773dcac0"",""deployment"":""82e9c28b-6934-4cf9-9438-f5ba1602bd88"",""replica"":""9cafb12e-241e-4151-a925-9c9cb98937ef""}",2026-05-05T07:57:06.332916080Z
    at async loadConfigFromBundledFile (file:///app/node_modules/.pnpm/vite@7.3.2_@types+node@25.3.5_jiti@2.6.1_lightningcss@1.31.1_tsx@4.21.0_yaml@2.8.2/node_modules/vite/dist/node/chunks/config.js:35920:12),error,"{""level"":""error""}","{""project"":""a964056b-6231-477f-9e7e-d8bc3a289d28"",""environment"":""26a57f03-0ca7-4105-ae40-a714fb9d3d48"",""service"":""93c6df08-1ebc-4abb-8337-dfbe773dcac0"",""deployment"":""82e9c28b-6934-4cf9-9438-f5ba1602bd88"",""replica"":""9cafb12e-241e-4151-a925-9c9cb98937ef""}",2026-05-05T07:57:06.332924742Z
[31merror when starting dev server:,error,"{""level"":""error""}","{""project"":""a964056b-6231-477f-9e7e-d8bc3a289d28"",""environment"":""26a57f03-0ca7-4105-ae40-a714fb9d3d48"",""service"":""93c6df08-1ebc-4abb-8337-dfbe773dcac0"",""deployment"":""82e9c28b-6934-4cf9-9438-f5ba1602bd88"",""replica"":""9cafb12e-241e-4151-a925-9c9cb98937ef""}",2026-05-05T07:57:06.332925142Z
Error: BASE_PATH environment variable is required but was not provided.,error,"{""level"":""error""}","{""project"":""a964056b-6231-477f-9e7e-d8bc3a289d28"",""environment"":""26a57f03-0ca7-4105-ae40-a714fb9d3d48"",""service"":""93c6df08-1ebc-4abb-8337-dfbe773dcac0"",""deployment"":""82e9c28b-6934-4cf9-9438-f5ba1602bd88"",""replica"":""9cafb12e-241e-4151-a925-9c9cb98937ef""}",2026-05-05T07:57:06.332929729Z
    at async bundleAndLoadConfigFile (file:///app/node_modules/.pnpm/vite@7.3.2_@types+node@25.3.5_jiti@2.6.1_lightningcss@1.31.1_tsx@4.21.0_yaml@2.8.2/node_modules/vite/dist/node/chunks/config.js:35808:17),error,"{""level"":""error""}","{""project"":""a964056b-6231-477f-9e7e-d8bc3a289d28"",""environment"":""26a57f03-0ca7-4105-ae40-a714fb9d3d48"",""service"":""93c6df08-1ebc-4abb-8337-dfbe773dcac0"",""deployment"":""82e9c28b-6934-4cf9-9438-f5ba1602bd88"",""replica"":""9cafb12e-241e-4151-a925-9c9cb98937ef""}",2026-05-05T07:57:06.332932335Z
    at file:///app/artifacts/family-portal/node_modules/.vite-temp/vite.config.ts.timestamp-1777967826261-fc8d23e1501c7.mjs:20:9,error,"{""level"":""error""}","{""project"":""a964056b-6231-477f-9e7e-d8bc3a289d28"",""environment"":""26a57f03-0ca7-4105-ae40-a714fb9d3d48"",""service"":""93c6df08-1ebc-4abb-8337-dfbe773dcac0"",""deployment"":""82e9c28b-6934-4cf9-9438-f5ba1602bd88"",""replica"":""9cafb12e-241e-4151-a925-9c9cb98937ef""}",2026-05-05T07:57:06.332936200Z
    at async loadConfigFromFile (file:///app/node_modules/.pnpm/vite@7.3.2_@types+node@25.3.5_jiti@2.6.1_lightningcss@1.31.1_tsx@4.21.0_yaml@2.8.2/node_modules/vite/dist/node/chunks/config.js:35775:42),error,"{""level"":""error""}","{""project"":""a964056b-6231-477f-9e7e-d8bc3a289d28"",""environment"":""26a57f03-0ca7-4105-ae40-a714fb9d3d48"",""service"":""93c6df08-1ebc-4abb-8337-dfbe773dcac0"",""deployment"":""82e9c28b-6934-4cf9-9438-f5ba1602bd88"",""replica"":""9cafb12e-241e-4151-a925-9c9cb98937ef""}",2026-05-05T07:57:06.332940401Z
    at ModuleJob.run (node:internal/modules/esm/module_job:343:25),error,"{""level"":""error""}","{""project"":""a964056b-6231-477f-9e7e-d8bc3a289d28"",""environment"":""26a57f03-0ca7-4105-ae40-a714fb9d3d48"",""service"":""93c6df08-1ebc-4abb-8337-dfbe773dcac0"",""deployment"":""82e9c28b-6934-4cf9-9438-f5ba1602bd88"",""replica"":""9cafb12e-241e-4151-a925-9c9cb98937ef""}",2026-05-05T07:57:06.332942281Z
    at async resolveConfig (file:///app/node_modules/.pnpm/vite@7.3.2_@types+node@25.3.5_jiti@2.6.1_lightningcss@1.31.1_tsx@4.21.0_yaml@2.8.2/node_modules/vite/dist/node/chunks/config.js:35424:22),error,"{""level"":""error""}","{""project"":""a964056b-6231-477f-9e7e-d8bc3a289d28"",""environment"":""26a57f03-0ca7-4105-ae40-a714fb9d3d48"",""service"":""93c6df08-1ebc-4abb-8337-dfbe773dcac0"",""deployment"":""82e9c28b-6934-4cf9-9438-f5ba1602bd88"",""replica"":""9cafb12e-241e-4151-a925-9c9cb98937ef""}",2026-05-05T07:57:06.332945948Z
    at async _createServer (file:///app/node_modules/.pnpm/vite@7.3.2_@types+node@25.3.5_jiti@2.6.1_lightningcss@1.31.1_tsx@4.21.0_yaml@2.8.2/node_modules/vite/dist/node/chunks/config.js:25365:67),error,"{""level"":""error""}","{""project"":""a964056b-6231-477f-9e7e-d8bc3a289d28"",""environment"":""26a57f03-0ca7-4105-ae40-a714fb9d3d48"",""service"":""93c6df08-1ebc-4abb-8337-dfbe773dcac0"",""deployment"":""82e9c28b-6934-4cf9-9438-f5ba1602bd88"",""replica"":""9cafb12e-241e-4151-a925-9c9cb98937ef""}",2026-05-05T07:57:06.332950256Z
    at async CAC.<anonymous> (file:///app/node_modules/.pnpm/vite@7.3.2_@types+node@25.3.5_jiti@2.6.1_lightningcss@1.31.1_tsx@4.21.0_yaml@2.8.2/node_modules/vite/dist/node/cli.js:572:18)[39m,error,"{""level"":""error""}","{""project"":""a964056b-6231-477f-9e7e-d8bc3a289d28"",""environment"":""26a57f03-0ca7-4105-ae40-a714fb9d3d48"",""service"":""93c6df08-1ebc-4abb-8337-dfbe773dcac0"",""deployment"":""82e9c28b-6934-4cf9-9438-f5ba1602bd88"",""replica"":""9cafb12e-241e-4151-a925-9c9cb98937ef""}",2026-05-05T07:57:06.332954724Z
/app/artifacts/family-portal:,info,"{""level"":""info""}","{""project"":""a964056b-6231-477f-9e7e-d8bc3a289d28"",""environment"":""26a57f03-0ca7-4105-ae40-a714fb9d3d48"",""service"":""93c6df08-1ebc-4abb-8337-dfbe773dcac0"",""deployment"":""82e9c28b-6934-4cf9-9438-f5ba1602bd88"",""replica"":""9cafb12e-241e-4151-a925-9c9cb98937ef""}",2026-05-05T07:57:06.355521130Z
 ERR_PNPM_RECURSIVE_RUN_FIRST_FAIL  @workspace/family-portal@0.0.0 dev: `vite --config vite.config.ts --host 0.0.0.0`,info,"{""level"":""info""}","{""project"":""a964056b-6231-477f-9e7e-d8bc3a289d28"",""environment"":""26a57f03-0ca7-4105-ae40-a714fb9d3d48"",""service"":""93c6df08-1ebc-4abb-8337-dfbe773dcac0"",""deployment"":""82e9c28b-6934-4cf9-9438-f5ba1602bd88"",""replica"":""9cafb12e-241e-4151-a925-9c9cb98937ef""}",2026-05-05T07:57:06.355524002Z
Exit status 1,info,"{""level"":""info""}","{""project"":""a964056b-6231-477f-9e7e-d8bc3a289d28"",""environment"":""26a57f03-0ca7-4105-ae40-a714fb9d3d48"",""service"":""93c6df08-1ebc-4abb-8337-dfbe773dcac0"",""deployment"":""82e9c28b-6934-4cf9-9438-f5ba1602bd88"",""replica"":""9cafb12e-241e-4151-a925-9c9cb98937ef""}",2026-05-05T07:57:06.355526849Z
,info,"{""level"":""info""}","{""project"":""a964056b-6231-477f-9e7e-d8bc3a289d28"",""environment"":""26a57f03-0ca7-4105-ae40-a714fb9d3d48"",""service"":""93c6df08-1ebc-4abb-8337-dfbe773dcac0"",""deployment"":""82e9c28b-6934-4cf9-9438-f5ba1602bd88"",""replica"":""9cafb12e-241e-4151-a925-9c9cb98937ef""}",2026-05-05T07:57:07.171139736Z
> @workspace/family-portal@0.0.0 dev /app/artifacts/family-portal,info,"{""level"":""info""}","{""project"":""a964056b-6231-477f-9e7e-d8bc3a289d28"",""environment"":""26a57f03-0ca7-4105-ae40-a714fb9d3d48"",""service"":""93c6df08-1ebc-4abb-8337-dfbe773dcac0"",""deployment"":""82e9c28b-6934-4cf9-9438-f5ba1602bd88"",""replica"":""9cafb12e-241e-4151-a925-9c9cb98937ef""}",2026-05-05T07:57:07.171143368Z
> vite --config vite.config.ts --host 0.0.0.0,info,"{""level"":""info""}","{""project"":""a964056b-6231-477f-9e7e-d8bc3a289d28"",""environment"":""26a57f03-0ca7-4105-ae40-a714fb9d3d48"",""service"":""93c6df08-1ebc-4abb-8337-dfbe773dcac0"",""deployment"":""82e9c28b-6934-4cf9-9438-f5ba1602bd88"",""replica"":""9cafb12e-241e-4151-a925-9c9cb98937ef""}",2026-05-05T07:57:07.171146760Z
,info,"{""level"":""info""}","{""project"":""a964056b-6231-477f-9e7e-d8bc3a289d28"",""environment"":""26a57f03-0ca7-4105-ae40-a714fb9d3d48"",""service"":""93c6df08-1ebc-4abb-8337-dfbe773dcac0"",""deployment"":""82e9c28b-6934-4cf9-9438-f5ba1602bd88"",""replica"":""9cafb12e-241e-4151-a925-9c9cb98937ef""}",2026-05-05T07:57:07.171150965Z
[31mfailed to load config from /app/artifacts/family-portal/vite.config.ts[39m,error,"{""level"":""error""}","{""project"":""a964056b-6231-477f-9e7e-d8bc3a289d28"",""environment"":""26a57f03-0ca7-4105-ae40-a714fb9d3d48"",""service"":""93c6df08-1ebc-4abb-8337-dfbe773dcac0"",""deployment"":""82e9c28b-6934-4cf9-9438-f5ba1602bd88"",""replica"":""9cafb12e-241e-4151-a925-9c9cb98937ef""}",2026-05-05T07:57:07.353705420Z
[31merror when starting dev server:,error,"{""level"":""error""}","{""project"":""a964056b-6231-477f-9e7e-d8bc3a289d28"",""environment"":""26a57f03-0ca7-4105-ae40-a714fb9d3d48"",""service"":""93c6df08-1ebc-4abb-8337-dfbe773dcac0"",""deployment"":""82e9c28b-6934-4cf9-9438-f5ba1602bd88"",""replica"":""9cafb12e-241e-4151-a925-9c9cb98937ef""}",2026-05-05T07:57:07.357072463Z
Error: BASE_PATH environment variable is required but was not provided.,error,"{""level"":""error""}","{""project"":""a964056b-6231-477f-9e7e-d8bc3a289d28"",""environment"":""26a57f03-0ca7-4105-ae40-a714fb9d3d48"",""service"":""93c6df08-1ebc-4abb-8337-dfbe773dcac0"",""deployment"":""82e9c28b-6934-4cf9-9438-f5ba1602bd88"",""replica"":""9cafb12e-241e-4151-a925-9c9cb98937ef""}",2026-05-05T07:57:07.357075692Z
    at file:///app/artifacts/family-portal/node_modules/.vite-temp/vite.config.ts.timestamp-1777967827287-df2648b8a7f5e.mjs:20:9,error,"{""level"":""error""}","{""project"":""a964056b-6231-477f-9e7e-d8bc3a289d28"",""environment"":""26a57f03-0ca7-4105-ae40-a714fb9d3d48"",""service"":""93c6df08-1ebc-4abb-8337-dfbe773dcac0"",""deployment"":""82e9c28b-6934-4cf9-9438-f5ba1602bd88"",""replica"":""9cafb12e-241e-4151-a925-9c9cb98937ef""}",2026-05-05T07:57:07.357078631Z
    at ModuleJob.run (node:internal/modules/esm/module_job:343:25),error,"{""level"":""error""}","{""project"":""a964056b-6231-477f-9e7e-d8bc3a289d28"",""environment"":""26a57f03-0ca7-4105-ae40-a714fb9d3d48"",""service"":""93c6df08-1ebc-4abb-8337-dfbe773dcac0"",""deployment"":""82e9c28b-6934-4cf9-9438-f5ba1602bd88"",""replica"":""9cafb12e-241e-4151-a925-9c9cb98937ef""}",2026-05-05T07:57:07.357081848Z
    at async onImport.tracePromise.__proto__ (node:internal/modules/esm/loader:665:26),error,"{""level"":""error""}","{""project"":""a964056b-6231-477f-9e7e-d8bc3a289d28"",""environment"":""26a57f03-0ca7-4105-ae40-a714fb9d3d48"",""service"":""93c6df08-1ebc-4abb-8337-dfbe773dcac0"",""deployment"":""82e9c28b-6934-4cf9-9438-f5ba1602bd88"",""replica"":""9cafb12e-241e-4151-a925-9c9cb98937ef""}",2026-05-05T07:57:07.357084680Z
    at async loadConfigFromBundledFile (file:///app/node_modules/.pnpm/vite@7.3.2_@types+node@25.3.5_jiti@2.6.1_lightningcss@1.31.1_tsx@4.21.0_yaml@2.8.2/node_modules/vite/dist/node/chunks/config.js:35920:12),error,"{""level"":""error""}","{""project"":""a964056b-6231-477f-9e7e-d8bc3a289d28"",""environment"":""26a57f03-0ca7-4105-ae40-a714fb9d3d48"",""service"":""93c6df08-1ebc-4abb-8337-dfbe773dcac0"",""deployment"":""82e9c28b-6934-4cf9-9438-f5ba1602bd88"",""replica"":""9cafb12e-241e-4151-a925-9c9cb98937ef""}",2026-05-05T07:57:07.357087928Z
    at async bundleAndLoadConfigFile (file:///app/node_modules/.pnpm/vite@7.3.2_@types+node@25.3.5_jiti@2.6.1_lightningcss@1.31.1_tsx@4.21.0_yaml@2.8.2/node_modules/vite/dist/node/chunks/config.js:35808:17),error,"{""level"":""error""}","{""project"":""a964056b-6231-477f-9e7e-d8bc3a289d28"",""environment"":""26a57f03-0ca7-4105-ae40-a714fb9d3d48"",""service"":""93c6df08-1ebc-4abb-8337-dfbe773dcac0"",""deployment"":""82e9c28b-6934-4cf9-9438-f5ba1602bd88"",""replica"":""9cafb12e-241e-4151-a925-9c9cb98937ef""}",2026-05-05T07:57:07.357090874Z
    at async loadConfigFromFile (file:///app/node_modules/.pnpm/vite@7.3.2_@types+node@25.3.5_jiti@2.6.1_lightningcss@1.31.1_tsx@4.21.0_yaml@2.8.2/node_modules/vite/dist/node/chunks/config.js:35775:42),error,"{""level"":""error""}","{""project"":""a964056b-6231-477f-9e7e-d8bc3a289d28"",""environment"":""26a57f03-0ca7-4105-ae40-a714fb9d3d48"",""service"":""93c6df08-1ebc-4abb-8337-dfbe773dcac0"",""deployment"":""82e9c28b-6934-4cf9-9438-f5ba1602bd88"",""replica"":""9cafb12e-241e-4151-a925-9c9cb98937ef""}",2026-05-05T07:57:07.357094112Z
    at async resolveConfig (file:///app/node_modules/.pnpm/vite@7.3.2_@types+node@25.3.5_jiti@2.6.1_lightningcss@1.31.1_tsx@4.21.0_yaml@2.8.2/node_modules/vite/dist/node/chunks/config.js:35424:22),error,"{""level"":""error""}","{""project"":""a964056b-6231-477f-9e7e-d8bc3a289d28"",""environment"":""26a57f03-0ca7-4105-ae40-a714fb9d3d48"",""service"":""93c6df08-1ebc-4abb-8337-dfbe773dcac0"",""deployment"":""82e9c28b-6934-4cf9-9438-f5ba1602bd88"",""replica"":""9cafb12e-241e-4151-a925-9c9cb98937ef""}",2026-05-05T07:57:07.357097341Z
    at async _createServer (file:///app/node_modules/.pnpm/vite@7.3.2_@types+node@25.3.5_jiti@2.6.1_lightningcss@1.31.1_tsx@4.21.0_yaml@2.8.2/node_modules/vite/dist/node/chunks/config.js:25365:67),error,"{""level"":""error""}","{""project"":""a964056b-6231-477f-9e7e-d8bc3a289d28"",""environment"":""26a57f03-0ca7-4105-ae40-a714fb9d3d48"",""service"":""93c6df08-1ebc-4abb-8337-dfbe773dcac0"",""deployment"":""82e9c28b-6934-4cf9-9438-f5ba1602bd88"",""replica"":""9cafb12e-241e-4151-a925-9c9cb98937ef""}",2026-05-05T07:57:07.357109515Z
    at async CAC.<anonymous> (file:///app/node_modules/.pnpm/vite@7.3.2_@types+node@25.3.5_jiti@2.6.1_lightningcss@1.31.1_tsx@4.21.0_yaml@2.8.2/node_modules/vite/dist/node/cli.js:572:18)[39m,error,"{""level"":""error""}","{""project"":""a964056b-6231-477f-9e7e-d8bc3a289d28"",""environment"":""26a57f03-0ca7-4105-ae40-a714fb9d3d48"",""service"":""93c6df08-1ebc-4abb-8337-dfbe773dcac0"",""deployment"":""82e9c28b-6934-4cf9-9438-f5ba1602bd88"",""replica"":""9cafb12e-241e-4151-a925-9c9cb98937ef""}",2026-05-05T07:57:07.357113871Z
/app/artifacts/family-portal:,info,"{""level"":""info""}","{""project"":""a964056b-6231-477f-9e7e-d8bc3a289d28"",""environment"":""26a57f03-0ca7-4105-ae40-a714fb9d3d48"",""service"":""93c6df08-1ebc-4abb-8337-dfbe773dcac0"",""deployment"":""82e9c28b-6934-4cf9-9438-f5ba1602bd88"",""replica"":""9cafb12e-241e-4151-a925-9c9cb98937ef""}",2026-05-05T07:57:07.379083394Z
 ERR_PNPM_RECURSIVE_RUN_FIRST_FAIL  @workspace/family-portal@0.0.0 dev: `vite --config vite.config.ts --host 0.0.0.0`,info,"{""level"":""info""}","{""project"":""a964056b-6231-477f-9e7e-d8bc3a289d28"",""environment"":""26a57f03-0ca7-4105-ae40-a714fb9d3d48"",""service"":""93c6df08-1ebc-4abb-8337-dfbe773dcac0"",""deployment"":""82e9c28b-6934-4cf9-9438-f5ba1602bd88"",""replica"":""9cafb12e-241e-4151-a925-9c9cb98937ef""}",2026-05-05T07:57:07.379092542Z
Exit status 1,info,"{""level"":""info""}","{""project"":""a964056b-6231-477f-9e7e-d8bc3a289d28"",""environment"":""26a57f03-0ca7-4105-ae40-a714fb9d3d48"",""service"":""93c6df08-1ebc-4abb-8337-dfbe773dcac0"",""deployment"":""82e9c28b-6934-4cf9-9438-f5ba1602bd88"",""replica"":""9cafb12e-241e-4151-a925-9c9cb98937ef""}",2026-05-05T07:57:07.379098110Z
,info,"{""level"":""info""}","{""project"":""a964056b-6231-477f-9e7e-d8bc3a289d28"",""environment"":""26a57f03-0ca7-4105-ae40-a714fb9d3d48"",""service"":""93c6df08-1ebc-4abb-8337-dfbe773dcac0"",""deployment"":""82e9c28b-6934-4cf9-9438-f5ba1602bd88"",""replica"":""9cafb12e-241e-4151-a925-9c9cb98937ef""}",2026-05-05T07:57:08.136340022Z
> @workspace/family-portal@0.0.0 dev /app/artifacts/family-portal,info,"{""level"":""info""}","{""project"":""a964056b-6231-477f-9e7e-d8bc3a289d28"",""environment"":""26a57f03-0ca7-4105-ae40-a714fb9d3d48"",""service"":""93c6df08-1ebc-4abb-8337-dfbe773dcac0"",""deployment"":""82e9c28b-6934-4cf9-9438-f5ba1602bd88"",""replica"":""9cafb12e-241e-4151-a925-9c9cb98937ef""}",2026-05-05T07:57:08.136356870Z
> vite --config vite.config.ts --host 0.0.0.0,info,"{""level"":""info""}","{""project"":""a964056b-6231-477f-9e7e-d8bc3a289d28"",""environment"":""26a57f03-0ca7-4105-ae40-a714fb9d3d48"",""service"":""93c6df08-1ebc-4abb-8337-dfbe773dcac0"",""deployment"":""82e9c28b-6934-4cf9-9438-f5ba1602bd88"",""replica"":""9cafb12e-241e-4151-a925-9c9cb98937ef""}",2026-05-05T07:57:08.136364846Z
,info,"{""level"":""info""}","{""project"":""a964056b-6231-477f-9e7e-d8bc3a289d28"",""environment"":""26a57f03-0ca7-4105-ae40-a714fb9d3d48"",""service"":""93c6df08-1ebc-4abb-8337-dfbe773dcac0"",""deployment"":""82e9c28b-6934-4cf9-9438-f5ba1602bd88"",""replica"":""9cafb12e-241e-4151-a925-9c9cb98937ef""}",2026-05-05T07:57:08.136373707Z
[31mfailed to load config from /app/artifacts/family-portal/vite.config.ts[39m,error,"{""level"":""error""}","{""project"":""a964056b-6231-477f-9e7e-d8bc3a289d28"",""environment"":""26a57f03-0ca7-4105-ae40-a714fb9d3d48"",""service"":""93c6df08-1ebc-4abb-8337-dfbe773dcac0"",""deployment"":""82e9c28b-6934-4cf9-9438-f5ba1602bd88"",""replica"":""9cafb12e-241e-4151-a925-9c9cb98937ef""}",2026-05-05T07:57:08.336591246Z
[31merror when starting dev server:,error,"{""level"":""error""}","{""project"":""a964056b-6231-477f-9e7e-d8bc3a289d28"",""environment"":""26a57f03-0ca7-4105-ae40-a714fb9d3d48"",""service"":""93c6df08-1ebc-4abb-8337-dfbe773dcac0"",""deployment"":""82e9c28b-6934-4cf9-9438-f5ba1602bd88"",""replica"":""9cafb12e-241e-4151-a925-9c9cb98937ef""}",2026-05-05T07:57:08.339679892Z
Error: BASE_PATH environment variable is required but was not provided.,error,"{""level"":""error""}","{""project"":""a964056b-6231-477f-9e7e-d8bc3a289d28"",""environment"":""26a57f03-0ca7-4105-ae40-a714fb9d3d48"",""service"":""93c6df08-1ebc-4abb-8337-dfbe773dcac0"",""deployment"":""82e9c28b-6934-4cf9-9438-f5ba1602bd88"",""replica"":""9cafb12e-241e-4151-a925-9c9cb98937ef""}",2026-05-05T07:57:08.339684161Z
    at file:///app/artifacts/family-portal/node_modules/.vite-temp/vite.config.ts.timestamp-1777967828272-61fb93fb7e5fd.mjs:20:9,error,"{""level"":""error""}","{""project"":""a964056b-6231-477f-9e7e-d8bc3a289d28"",""environment"":""26a57f03-0ca7-4105-ae40-a714fb9d3d48"",""service"":""93c6df08-1ebc-4abb-8337-dfbe773dcac0"",""deployment"":""82e9c28b-6934-4cf9-9438-f5ba1602bd88"",""replica"":""9cafb12e-241e-4151-a925-9c9cb98937ef""}",2026-05-05T07:57:08.339687118Z
    at ModuleJob.run (node:internal/modules/esm/module_job:343:25),error,"{""level"":""error""}","{""project"":""a964056b-6231-477f-9e7e-d8bc3a289d28"",""environment"":""26a57f03-0ca7-4105-ae40-a714fb9d3d48"",""service"":""93c6df08-1ebc-4abb-8337-dfbe773dcac0"",""deployment"":""82e9c28b-6934-4cf9-9438-f5ba1602bd88"",""replica"":""9cafb12e-241e-4151-a925-9c9cb98937ef""}",2026-05-05T07:57:08.339690832Z
    at async onImport.tracePromise.__proto__ (node:internal/modules/esm/loader:665:26),error,"{""level"":""error""}","{""project"":""a964056b-6231-477f-9e7e-d8bc3a289d28"",""environment"":""26a57f03-0ca7-4105-ae40-a714fb9d3d48"",""service"":""93c6df08-1ebc-4abb-8337-dfbe773dcac0"",""deployment"":""82e9c28b-6934-4cf9-9438-f5ba1602bd88"",""replica"":""9cafb12e-241e-4151-a925-9c9cb98937ef""}",2026-05-05T07:57:08.339693364Z
    at async loadConfigFromBundledFile (file:///app/node_modules/.pnpm/vite@7.3.2_@types+node@25.3.5_jiti@2.6.1_lightningcss@1.31.1_tsx@4.21.0_yaml@2.8.2/node_modules/vite/dist/node/chunks/config.js:35920:12),error,"{""level"":""error""}","{""project"":""a964056b-6231-477f-9e7e-d8bc3a289d28"",""environment"":""26a57f03-0ca7-4105-ae40-a714fb9d3d48"",""service"":""93c6df08-1ebc-4abb-8337-dfbe773dcac0"",""deployment"":""82e9c28b-6934-4cf9-9438-f5ba1602bd88"",""replica"":""9cafb12e-241e-4151-a925-9c9cb98937ef""}",2026-05-05T07:57:08.339695841Z
    at async bundleAndLoadConfigFile (file:///app/node_modules/.pnpm/vite@7.3.2_@types+node@25.3.5_jiti@2.6.1_lightningcss@1.31.1_tsx@4.21.0_yaml@2.8.2/node_modules/vite/dist/node/chunks/config.js:35808:17),error,"{""level"":""error""}","{""project"":""a964056b-6231-477f-9e7e-d8bc3a289d28"",""environment"":""26a57f03-0ca7-4105-ae40-a714fb9d3d48"",""service"":""93c6df08-1ebc-4abb-8337-dfbe773dcac0"",""deployment"":""82e9c28b-6934-4cf9-9438-f5ba1602bd88"",""replica"":""9cafb12e-241e-4151-a925-9c9cb98937ef""}",2026-05-05T07:57:08.339698468Z
    at async loadConfigFromFile (file:///app/node_modules/.pnpm/vite@7.3.2_@types+node@25.3.5_jiti@2.6.1_lightningcss@1.31.1_tsx@4.21.0_yaml@2.8.2/node_modules/vite/dist/node/chunks/config.js:35775:42),error,"{""level"":""error""}","{""project"":""a964056b-6231-477f-9e7e-d8bc3a289d28"",""environment"":""26a57f03-0ca7-4105-ae40-a714fb9d3d48"",""service"":""93c6df08-1ebc-4abb-8337-dfbe773dcac0"",""deployment"":""82e9c28b-6934-4cf9-9438-f5ba1602bd88"",""replica"":""9cafb12e-241e-4151-a925-9c9cb98937ef""}",2026-05-05T07:57:08.339702570Z
    at async resolveConfig (file:///app/node_modules/.pnpm/vite@7.3.2_@types+node@25.3.5_jiti@2.6.1_lightningcss@1.31.1_tsx@4.21.0_yaml@2.8.2/node_modules/vite/dist/node/chunks/config.js:35424:22),error,"{""level"":""error""}","{""project"":""a964056b-6231-477f-9e7e-d8bc3a289d28"",""environment"":""26a57f03-0ca7-4105-ae40-a714fb9d3d48"",""service"":""93c6df08-1ebc-4abb-8337-dfbe773dcac0"",""deployment"":""82e9c28b-6934-4cf9-9438-f5ba1602bd88"",""replica"":""9cafb12e-241e-4151-a925-9c9cb98937ef""}",2026-05-05T07:57:08.339705175Z
    at async _createServer (file:///app/node_modules/.pnpm/vite@7.3.2_@types+node@25.3.5_jiti@2.6.1_lightningcss@1.31.1_tsx@4.21.0_yaml@2.8.2/node_modules/vite/dist/node/chunks/config.js:25365:67),error,"{""level"":""error""}","{""project"":""a964056b-6231-477f-9e7e-d8bc3a289d28"",""environment"":""26a57f03-0ca7-4105-ae40-a714fb9d3d48"",""service"":""93c6df08-1ebc-4abb-8337-dfbe773dcac0"",""deployment"":""82e9c28b-6934-4cf9-9438-f5ba1602bd88"",""replica"":""9cafb12e-241e-4151-a925-9c9cb98937ef""}",2026-05-05T07:57:08.339707839Z
    at async CAC.<anonymous> (file:///app/node_modules/.pnpm/vite@7.3.2_@types+node@25.3.5_jiti@2.6.1_lightningcss@1.31.1_tsx@4.21.0_yaml@2.8.2/node_modules/vite/dist/node/cli.js:572:18)[39m,error,"{""level"":""error""}","{""project"":""a964056b-6231-477f-9e7e-d8bc3a289d28"",""environment"":""26a57f03-0ca7-4105-ae40-a714fb9d3d48"",""service"":""93c6df08-1ebc-4abb-8337-dfbe773dcac0"",""deployment"":""82e9c28b-6934-4cf9-9438-f5ba1602bd88"",""replica"":""9cafb12e-241e-4151-a925-9c9cb98937ef""}",2026-05-05T07:57:08.339710372Z
/app/artifacts/family-portal:,info,"{""level"":""info""}","{""project"":""a964056b-6231-477f-9e7e-d8bc3a289d28"",""environment"":""26a57f03-0ca7-4105-ae40-a714fb9d3d48"",""service"":""93c6df08-1ebc-4abb-8337-dfbe773dcac0"",""deployment"":""82e9c28b-6934-4cf9-9438-f5ba1602bd88"",""replica"":""9cafb12e-241e-4151-a925-9c9cb98937ef""}",2026-05-05T07:57:08.360950198Z
 ERR_PNPM_RECURSIVE_RUN_FIRST_FAIL  @workspace/family-portal@0.0.0 dev: `vite --config vite.config.ts --host 0.0.0.0`,info,"{""level"":""info""}","{""project"":""a964056b-6231-477f-9e7e-d8bc3a289d28"",""environment"":""26a57f03-0ca7-4105-ae40-a714fb9d3d48"",""service"":""93c6df08-1ebc-4abb-8337-dfbe773dcac0"",""deployment"":""82e9c28b-6934-4cf9-9438-f5ba1602bd88"",""replica"":""9cafb12e-241e-4151-a925-9c9cb98937ef""}",2026-05-05T07:57:08.360952976Z
Exit status 1,info,"{""level"":""info""}","{""project"":""a964056b-6231-477f-9e7e-d8bc3a289d28"",""environment"":""26a57f03-0ca7-4105-ae40-a714fb9d3d48"",""service"":""93c6df08-1ebc-4abb-8337-dfbe773dcac0"",""deployment"":""82e9c28b-6934-4cf9-9438-f5ba1602bd88"",""replica"":""9cafb12e-241e-4151-a925-9c9cb98937ef""}",2026-05-05T07:57:08.360955672Z
> vite --config vite.config.ts --host 0.0.0.0,info,"{""level"":""info""}","{""project"":""a964056b-6231-477f-9e7e-d8bc3a289d28"",""environment"":""26a57f03-0ca7-4105-ae40-a714fb9d3d48"",""service"":""93c6df08-1ebc-4abb-8337-dfbe773dcac0"",""deployment"":""82e9c28b-6934-4cf9-9438-f5ba1602bd88"",""replica"":""9cafb12e-241e-4151-a925-9c9cb98937ef""}",2026-05-05T07:57:09.174812288Z
,info,"{""level"":""info""}","{""project"":""a964056b-6231-477f-9e7e-d8bc3a289d28"",""environment"":""26a57f03-0ca7-4105-ae40-a714fb9d3d48"",""service"":""93c6df08-1ebc-4abb-8337-dfbe773dcac0"",""deployment"":""82e9c28b-6934-4cf9-9438-f5ba1602bd88"",""replica"":""9cafb12e-241e-4151-a925-9c9cb98937ef""}",2026-05-05T07:57:09.174819663Z
,info,"{""level"":""info""}","{""project"":""a964056b-6231-477f-9e7e-d8bc3a289d28"",""environment"":""26a57f03-0ca7-4105-ae40-a714fb9d3d48"",""service"":""93c6df08-1ebc-4abb-8337-dfbe773dcac0"",""deployment"":""82e9c28b-6934-4cf9-9438-f5ba1602bd88"",""replica"":""9cafb12e-241e-4151-a925-9c9cb98937ef""}",2026-05-05T07:57:09.174836148Z
> @workspace/family-portal@0.0.0 dev /app/artifacts/family-portal,info,"{""level"":""info""}","{""project"":""a964056b-6231-477f-9e7e-d8bc3a289d28"",""environment"":""26a57f03-0ca7-4105-ae40-a714fb9d3d48"",""service"":""93c6df08-1ebc-4abb-8337-dfbe773dcac0"",""deployment"":""82e9c28b-6934-4cf9-9438-f5ba1602bd88"",""replica"":""9cafb12e-241e-4151-a925-9c9cb98937ef""}",2026-05-05T07:57:09.174839052Z
[31mfailed to load config from /app/artifacts/family-portal/vite.config.ts[39m,error,"{""level"":""error""}","{""project"":""a964056b-6231-477f-9e7e-d8bc3a289d28"",""environment"":""26a57f03-0ca7-4105-ae40-a714fb9d3d48"",""service"":""93c6df08-1ebc-4abb-8337-dfbe773dcac0"",""deployment"":""82e9c28b-6934-4cf9-9438-f5ba1602bd88"",""replica"":""9cafb12e-241e-4151-a925-9c9cb98937ef""}",2026-05-05T07:57:09.395797716Z
    at async loadConfigFromBundledFile (file:///app/node_modules/.pnpm/vite@7.3.2_@types+node@25.3.5_jiti@2.6.1_lightningcss@1.31.1_tsx@4.21.0_yaml@2.8.2/node_modules/vite/dist/node/chunks/config.js:35920:12),error,"{""level"":""error""}","{""project"":""a964056b-6231-477f-9e7e-d8bc3a289d28"",""environment"":""26a57f03-0ca7-4105-ae40-a714fb9d3d48"",""service"":""93c6df08-1ebc-4abb-8337-dfbe773dcac0"",""deployment"":""82e9c28b-6934-4cf9-9438-f5ba1602bd88"",""replica"":""9cafb12e-241e-4151-a925-9c9cb98937ef""}",2026-05-05T07:57:09.399431806Z
    at async bundleAndLoadConfigFile (file:///app/node_modules/.pnpm/vite@7.3.2_@types+node@25.3.5_jiti@2.6.1_lightningcss@1.31.1_tsx@4.21.0_yaml@2.8.2/node_modules/vite/dist/node/chunks/config.js:35808:17),error,"{""level"":""error""}","{""project"":""a964056b-6231-477f-9e7e-d8bc3a289d28"",""environment"":""26a57f03-0ca7-4105-ae40-a714fb9d3d48"",""service"":""93c6df08-1ebc-4abb-8337-dfbe773dcac0"",""deployment"":""82e9c28b-6934-4cf9-9438-f5ba1602bd88"",""replica"":""9cafb12e-241e-4151-a925-9c9cb98937ef""}",2026-05-05T07:57:09.399438144Z
    at async loadConfigFromFile (file:///app/node_modules/.pnpm/vite@7.3.2_@types+node@25.3.5_jiti@2.6.1_lightningcss@1.31.1_tsx@4.21.0_yaml@2.8.2/node_modules/vite/dist/node/chunks/config.js:35775:42),error,"{""level"":""error""}","{""project"":""a964056b-6231-477f-9e7e-d8bc3a289d28"",""environment"":""26a57f03-0ca7-4105-ae40-a714fb9d3d48"",""service"":""93c6df08-1ebc-4abb-8337-dfbe773dcac0"",""deployment"":""82e9c28b-6934-4cf9-9438-f5ba1602bd88"",""replica"":""9cafb12e-241e-4151-a925-9c9cb98937ef""}",2026-05-05T07:57:09.399443632Z
[31merror when starting dev server:,error,"{""level"":""error""}","{""project"":""a964056b-6231-477f-9e7e-d8bc3a289d28"",""environment"":""26a57f03-0ca7-4105-ae40-a714fb9d3d48"",""service"":""93c6df08-1ebc-4abb-8337-dfbe773dcac0"",""deployment"":""82e9c28b-6934-4cf9-9438-f5ba1602bd88"",""replica"":""9cafb12e-241e-4151-a925-9c9cb98937ef""}",2026-05-05T07:57:09.399445530Z
    at async resolveConfig (file:///app/node_modules/.pnpm/vite@7.3.2_@types+node@25.3.5_jiti@2.6.1_lightningcss@1.31.1_tsx@4.21.0_yaml@2.8.2/node_modules/vite/dist/node/chunks/config.js:35424:22),error,"{""level"":""error""}","{""project"":""a964056b-6231-477f-9e7e-d8bc3a289d28"",""environment"":""26a57f03-0ca7-4105-ae40-a714fb9d3d48"",""service"":""93c6df08-1ebc-4abb-8337-dfbe773dcac0"",""deployment"":""82e9c28b-6934-4cf9-9438-f5ba1602bd88"",""replica"":""9cafb12e-241e-4151-a925-9c9cb98937ef""}",2026-05-05T07:57:09.399449069Z
Error: BASE_PATH environment variable is required but was not provided.,error,"{""level"":""error""}","{""project"":""a964056b-6231-477f-9e7e-d8bc3a289d28"",""environment"":""26a57f03-0ca7-4105-ae40-a714fb9d3d48"",""service"":""93c6df08-1ebc-4abb-8337-dfbe773dcac0"",""deployment"":""82e9c28b-6934-4cf9-9438-f5ba1602bd88"",""replica"":""9cafb12e-241e-4151-a925-9c9cb98937ef""}",2026-05-05T07:57:09.399452344Z
    at async _createServer (file:///app/node_modules/.pnpm/vite@7.3.2_@types+node@25.3.5_jiti@2.6.1_lightningcss@1.31.1_tsx@4.21.0_yaml@2.8.2/node_modules/vite/dist/node/chunks/config.js:25365:67),error,"{""level"":""error""}","{""project"":""a964056b-6231-477f-9e7e-d8bc3a289d28"",""environment"":""26a57f03-0ca7-4105-ae40-a714fb9d3d48"",""service"":""93c6df08-1ebc-4abb-8337-dfbe773dcac0"",""deployment"":""82e9c28b-6934-4cf9-9438-f5ba1602bd88"",""replica"":""9cafb12e-241e-4151-a925-9c9cb98937ef""}",2026-05-05T07:57:09.399453735Z
    at file:///app/artifacts/family-portal/node_modules/.vite-temp/vite.config.ts.timestamp-1777967829329-8c90ce783cbeb.mjs:20:9,error,"{""level"":""error""}","{""project"":""a964056b-6231-477f-9e7e-d8bc3a289d28"",""environment"":""26a57f03-0ca7-4105-ae40-a714fb9d3d48"",""service"":""93c6df08-1ebc-4abb-8337-dfbe773dcac0"",""deployment"":""82e9c28b-6934-4cf9-9438-f5ba1602bd88"",""replica"":""9cafb12e-241e-4151-a925-9c9cb98937ef""}",2026-05-05T07:57:09.399459317Z
    at async CAC.<anonymous> (file:///app/node_modules/.pnpm/vite@7.3.2_@types+node@25.3.5_jiti@2.6.1_lightningcss@1.31.1_tsx@4.21.0_yaml@2.8.2/node_modules/vite/dist/node/cli.js:572:18)[39m,error,"{""level"":""error""}","{""project"":""a964056b-6231-477f-9e7e-d8bc3a289d28"",""environment"":""26a57f03-0ca7-4105-ae40-a714fb9d3d48"",""service"":""93c6df08-1ebc-4abb-8337-dfbe773dcac0"",""deployment"":""82e9c28b-6934-4cf9-9438-f5ba1602bd88"",""replica"":""9cafb12e-241e-4151-a925-9c9cb98937ef""}",2026-05-05T07:57:09.399459372Z
    at ModuleJob.run (node:internal/modules/esm/module_job:343:25),error,"{""level"":""error""}","{""project"":""a964056b-6231-477f-9e7e-d8bc3a289d28"",""environment"":""26a57f03-0ca7-4105-ae40-a714fb9d3d48"",""service"":""93c6df08-1ebc-4abb-8337-dfbe773dcac0"",""deployment"":""82e9c28b-6934-4cf9-9438-f5ba1602bd88"",""replica"":""9cafb12e-241e-4151-a925-9c9cb98937ef""}",2026-05-05T07:57:09.399465120Z
    at async onImport.tracePromise.__proto__ (node:internal/modules/esm/loader:665:26),error,"{""level"":""error""}","{""project"":""a964056b-6231-477f-9e7e-d8bc3a289d28"",""environment"":""26a57f03-0ca7-4105-ae40-a714fb9d3d48"",""service"":""93c6df08-1ebc-4abb-8337-dfbe773dcac0"",""deployment"":""82e9c28b-6934-4cf9-9438-f5ba1602bd88"",""replica"":""9cafb12e-241e-4151-a925-9c9cb98937ef""}",2026-05-05T07:57:09.399468921Z
/app/artifacts/family-portal:,info,"{""level"":""info""}","{""project"":""a964056b-6231-477f-9e7e-d8bc3a289d28"",""environment"":""26a57f03-0ca7-4105-ae40-a714fb9d3d48"",""service"":""93c6df08-1ebc-4abb-8337-dfbe773dcac0"",""deployment"":""82e9c28b-6934-4cf9-9438-f5ba1602bd88"",""replica"":""9cafb12e-241e-4151-a925-9c9cb98937ef""}",2026-05-05T07:57:09.418113238Z
 ERR_PNPM_RECURSIVE_RUN_FIRST_FAIL  @workspace/family-portal@0.0.0 dev: `vite --config vite.config.ts --host 0.0.0.0`,info,"{""level"":""info""}","{""project"":""a964056b-6231-477f-9e7e-d8bc3a289d28"",""environment"":""26a57f03-0ca7-4105-ae40-a714fb9d3d48"",""service"":""93c6df08-1ebc-4abb-8337-dfbe773dcac0"",""deployment"":""82e9c28b-6934-4cf9-9438-f5ba1602bd88"",""replica"":""9cafb12e-241e-4151-a925-9c9cb98937ef""}",2026-05-05T07:57:09.418117008Z
Exit status 1,info,"{""level"":""info""}","{""project"":""a964056b-6231-477f-9e7e-d8bc3a289d28"",""environment"":""26a57f03-0ca7-4105-ae40-a714fb9d3d48"",""service"":""93c6df08-1ebc-4abb-8337-dfbe773dcac0"",""deployment"":""82e9c28b-6934-4cf9-9438-f5ba1602bd88"",""replica"":""9cafb12e-241e-4151-a925-9c9cb98937ef""}",2026-05-05T07:57:09.418120065Z
,info,"{""level"":""info""}","{""project"":""a964056b-6231-477f-9e7e-d8bc3a289d28"",""environment"":""26a57f03-0ca7-4105-ae40-a714fb9d3d48"",""service"":""93c6df08-1ebc-4abb-8337-dfbe773dcac0"",""deployment"":""82e9c28b-6934-4cf9-9438-f5ba1602bd88"",""replica"":""9cafb12e-241e-4151-a925-9c9cb98937ef""}",2026-05-05T07:57:10.201500543Z
> @workspace/family-portal@0.0.0 dev /app/artifacts/family-portal,info,"{""level"":""info""}","{""project"":""a964056b-6231-477f-9e7e-d8bc3a289d28"",""environment"":""26a57f03-0ca7-4105-ae40-a714fb9d3d48"",""service"":""93c6df08-1ebc-4abb-8337-dfbe773dcac0"",""deployment"":""82e9c28b-6934-4cf9-9438-f5ba1602bd88"",""replica"":""9cafb12e-241e-4151-a925-9c9cb98937ef""}",2026-05-05T07:57:10.201504827Z
> vite --config vite.config.ts --host 0.0.0.0,info,"{""level"":""info""}","{""project"":""a964056b-6231-477f-9e7e-d8bc3a289d28"",""environment"":""26a57f03-0ca7-4105-ae40-a714fb9d3d48"",""service"":""93c6df08-1ebc-4abb-8337-dfbe773dcac0"",""deployment"":""82e9c28b-6934-4cf9-9438-f5ba1602bd88"",""replica"":""9cafb12e-241e-4151-a925-9c9cb98937ef""}",2026-05-05T07:57:10.201508252Z
,info,"{""level"":""info""}","{""project"":""a964056b-6231-477f-9e7e-d8bc3a289d28"",""environment"":""26a57f03-0ca7-4105-ae40-a714fb9d3d48"",""service"":""93c6df08-1ebc-4abb-8337-dfbe773dcac0"",""deployment"":""82e9c28b-6934-4cf9-9438-f5ba1602bd88"",""replica"":""9cafb12e-241e-4151-a925-9c9cb98937ef""}",2026-05-05T07:57:10.201511226Z
[31mfailed to load config from /app/artifacts/family-portal/vite.config.ts[39m,error,"{""level"":""error""}","{""project"":""a964056b-6231-477f-9e7e-d8bc3a289d28"",""environment"":""26a57f03-0ca7-4105-ae40-a714fb9d3d48"",""service"":""93c6df08-1ebc-4abb-8337-dfbe773dcac0"",""deployment"":""82e9c28b-6934-4cf9-9438-f5ba1602bd88"",""replica"":""9cafb12e-241e-4151-a925-9c9cb98937ef""}",2026-05-05T07:57:10.394305301Z
    at async bundleAndLoadConfigFile (file:///app/node_modules/.pnpm/vite@7.3.2_@types+node@25.3.5_jiti@2.6.1_lightningcss@1.31.1_tsx@4.21.0_yaml@2.8.2/node_modules/vite/dist/node/chunks/config.js:35808:17),error,"{""level"":""error""}","{""project"":""a964056b-6231-477f-9e7e-d8bc3a289d28"",""environment"":""26a57f03-0ca7-4105-ae40-a714fb9d3d48"",""service"":""93c6df08-1ebc-4abb-8337-dfbe773dcac0"",""deployment"":""82e9c28b-6934-4cf9-9438-f5ba1602bd88"",""replica"":""9cafb12e-241e-4151-a925-9c9cb98937ef""}",2026-05-05T07:57:10.396769297Z
    at async loadConfigFromFile (file:///app/node_modules/.pnpm/vite@7.3.2_@types+node@25.3.5_jiti@2.6.1_lightningcss@1.31.1_tsx@4.21.0_yaml@2.8.2/node_modules/vite/dist/node/chunks/config.js:35775:42),error,"{""level"":""error""}","{""project"":""a964056b-6231-477f-9e7e-d8bc3a289d28"",""environment"":""26a57f03-0ca7-4105-ae40-a714fb9d3d48"",""service"":""93c6df08-1ebc-4abb-8337-dfbe773dcac0"",""deployment"":""82e9c28b-6934-4cf9-9438-f5ba1602bd88"",""replica"":""9cafb12e-241e-4151-a925-9c9cb98937ef""}",2026-05-05T07:57:10.396777486Z
    at async resolveConfig (file:///app/node_modules/.pnpm/vite@7.3.2_@types+node@25.3.5_jiti@2.6.1_lightningcss@1.31.1_tsx@4.21.0_yaml@2.8.2/node_modules/vite/dist/node/chunks/config.js:35424:22),error,"{""level"":""error""}","{""project"":""a964056b-6231-477f-9e7e-d8bc3a289d28"",""environment"":""26a57f03-0ca7-4105-ae40-a714fb9d3d48"",""service"":""93c6df08-1ebc-4abb-8337-dfbe773dcac0"",""deployment"":""82e9c28b-6934-4cf9-9438-f5ba1602bd88"",""replica"":""9cafb12e-241e-4151-a925-9c9cb98937ef""}",2026-05-05T07:57:10.396783594Z
[31merror when starting dev server:,error,"{""level"":""error""}","{""project"":""a964056b-6231-477f-9e7e-d8bc3a289d28"",""environment"":""26a57f03-0ca7-4105-ae40-a714fb9d3d48"",""service"":""93c6df08-1ebc-4abb-8337-dfbe773dcac0"",""deployment"":""82e9c28b-6934-4cf9-9438-f5ba1602bd88"",""replica"":""9cafb12e-241e-4151-a925-9c9cb98937ef""}",2026-05-05T07:57:10.396785282Z
    at async _createServer (file:///app/node_modules/.pnpm/vite@7.3.2_@types+node@25.3.5_jiti@2.6.1_lightningcss@1.31.1_tsx@4.21.0_yaml@2.8.2/node_modules/vite/dist/node/chunks/config.js:25365:67),error,"{""level"":""error""}","{""project"":""a964056b-6231-477f-9e7e-d8bc3a289d28"",""environment"":""26a57f03-0ca7-4105-ae40-a714fb9d3d48"",""service"":""93c6df08-1ebc-4abb-8337-dfbe773dcac0"",""deployment"":""82e9c28b-6934-4cf9-9438-f5ba1602bd88"",""replica"":""9cafb12e-241e-4151-a925-9c9cb98937ef""}",2026-05-05T07:57:10.396789255Z
Error: BASE_PATH environment variable is required but was not provided.,error,"{""level"":""error""}","{""project"":""a964056b-6231-477f-9e7e-d8bc3a289d28"",""environment"":""26a57f03-0ca7-4105-ae40-a714fb9d3d48"",""service"":""93c6df08-1ebc-4abb-8337-dfbe773dcac0"",""deployment"":""82e9c28b-6934-4cf9-9438-f5ba1602bd88"",""replica"":""9cafb12e-241e-4151-a925-9c9cb98937ef""}",2026-05-05T07:57:10.396794288Z
    at async CAC.<anonymous> (file:///app/node_modules/.pnpm/vite@7.3.2_@types+node@25.3.5_jiti@2.6.1_lightningcss@1.31.1_tsx@4.21.0_yaml@2.8.2/node_modules/vite/dist/node/cli.js:572:18)[39m,error,"{""level"":""error""}","{""project"":""a964056b-6231-477f-9e7e-d8bc3a289d28"",""environment"":""26a57f03-0ca7-4105-ae40-a714fb9d3d48"",""service"":""93c6df08-1ebc-4abb-8337-dfbe773dcac0"",""deployment"":""82e9c28b-6934-4cf9-9438-f5ba1602bd88"",""replica"":""9cafb12e-241e-4151-a925-9c9cb98937ef""}",2026-05-05T07:57:10.396797511Z
    at file:///app/artifacts/family-portal/node_modules/.vite-temp/vite.config.ts.timestamp-1777967830324-8256d9009a608.mjs:20:9,error,"{""level"":""error""}","{""project"":""a964056b-6231-477f-9e7e-d8bc3a289d28"",""environment"":""26a57f03-0ca7-4105-ae40-a714fb9d3d48"",""service"":""93c6df08-1ebc-4abb-8337-dfbe773dcac0"",""deployment"":""82e9c28b-6934-4cf9-9438-f5ba1602bd88"",""replica"":""9cafb12e-241e-4151-a925-9c9cb98937ef""}",2026-05-05T07:57:10.396800888Z
    at ModuleJob.run (node:internal/modules/esm/module_job:343:25),error,"{""level"":""error""}","{""project"":""a964056b-6231-477f-9e7e-d8bc3a289d28"",""environment"":""26a57f03-0ca7-4105-ae40-a714fb9d3d48"",""service"":""93c6df08-1ebc-4abb-8337-dfbe773dcac0"",""deployment"":""82e9c28b-6934-4cf9-9438-f5ba1602bd88"",""replica"":""9cafb12e-241e-4151-a925-9c9cb98937ef""}",2026-05-05T07:57:10.396804812Z
    at async onImport.tracePromise.__proto__ (node:internal/modules/esm/loader:665:26),error,"{""level"":""error""}","{""project"":""a964056b-6231-477f-9e7e-d8bc3a289d28"",""environment"":""26a57f03-0ca7-4105-ae40-a714fb9d3d48"",""service"":""93c6df08-1ebc-4abb-8337-dfbe773dcac0"",""deployment"":""82e9c28b-6934-4cf9-9438-f5ba1602bd88"",""replica"":""9cafb12e-241e-4151-a925-9c9cb98937ef""}",2026-05-05T07:57:10.396808315Z
    at async loadConfigFromBundledFile (file:///app/node_modules/.pnpm/vite@7.3.2_@types+node@25.3.5_jiti@2.6.1_lightningcss@1.31.1_tsx@4.21.0_yaml@2.8.2/node_modules/vite/dist/node/chunks/config.js:35920:12),error,"{""level"":""error""}","{""project"":""a964056b-6231-477f-9e7e-d8bc3a289d28"",""environment"":""26a57f03-0ca7-4105-ae40-a714fb9d3d48"",""service"":""93c6df08-1ebc-4abb-8337-dfbe773dcac0"",""deployment"":""82e9c28b-6934-4cf9-9438-f5ba1602bd88"",""replica"":""9cafb12e-241e-4151-a925-9c9cb98937ef""}",2026-05-05T07:57:10.396811829Z
/app/artifacts/family-portal:,info,"{""level"":""info""}","{""project"":""a964056b-6231-477f-9e7e-d8bc3a289d28"",""environment"":""26a57f03-0ca7-4105-ae40-a714fb9d3d48"",""service"":""93c6df08-1ebc-4abb-8337-dfbe773dcac0"",""deployment"":""82e9c28b-6934-4cf9-9438-f5ba1602bd88"",""replica"":""9cafb12e-241e-4151-a925-9c9cb98937ef""}",2026-05-05T07:57:10.418562924Z
 ERR_PNPM_RECURSIVE_RUN_FIRST_FAIL  @workspace/family-portal@0.0.0 dev: `vite --config vite.config.ts --host 0.0.0.0`,info,"{""level"":""info""}","{""project"":""a964056b-6231-477f-9e7e-d8bc3a289d28"",""environment"":""26a57f03-0ca7-4105-ae40-a714fb9d3d48"",""service"":""93c6df08-1ebc-4abb-8337-dfbe773dcac0"",""deployment"":""82e9c28b-6934-4cf9-9438-f5ba1602bd88"",""replica"":""9cafb12e-241e-4151-a925-9c9cb98937ef""}",2026-05-05T07:57:10.418567033Z
Exit status 1,info,"{""level"":""info""}","{""project"":""a964056b-6231-477f-9e7e-d8bc3a289d28"",""environment"":""26a57f03-0ca7-4105-ae40-a714fb9d3d48"",""service"":""93c6df08-1ebc-4abb-8337-dfbe773dcac0"",""deployment"":""82e9c28b-6934-4cf9-9438-f5ba1602bd88"",""replica"":""9cafb12e-241e-4151-a925-9c9cb98937ef""}",2026-05-05T07:57:10.418571221Z